{
  "acc": 0.421875,
  "cm": [
    [
      112,
      0,
      0,
      0
    ],
    [
      84,
      28,
      0,
      0
    ],
    [
      67,
      17,
      28,
      0
    ],
    [
      56,
      34,
      1,
      21
    ]
  ],
  "report": {
    "0": {
      "precision": 0.3510971786833856,
      "recall": 1.0,
      "f1-score": 0.5197215777262181,
      "support": 112.0
    },
    "1": {
      "precision": 0.35443037974683544,
      "recall": 0.25,
      "f1-score": 0.2931937172774869,
      "support": 112.0
    },
    "2": {
      "precision": 0.9655172413793104,
      "recall": 0.25,
      "f1-score": 0.3971631205673759,
      "support": 112.0
    },
    "3": {
      "precision": 1.0,
      "recall": 0.1875,
      "f1-score": 0.3157894736842105,
      "support": 112.0
    },
    "accuracy": 0.421875,
    "macro avg": {
      "precision": 0.6677611999523828,
      "recall": 0.421875,
      "f1-score": 0.38146697231382287,
      "support": 448.0
    },
    "weighted avg": {
      "precision": 0.6677611999523828,
      "recall": 0.421875,
      "f1-score": 0.38146697231382287,
      "support": 448.0
    }
  }
}