{
  "acc": 0.05357142857142857,
  "cm": [
    [
      0,
      29,
      83
    ],
    [
      0,
      9,
      47
    ],
    [
      0,
      0,
      0
    ]
  ],
  "report": {
    "0": {
      "precision": 0.0,
      "recall": 0.0,
      "f1-score": 0.0,
      "support": 112.0
    },
    "1": {
      "precision": 0.23684210526315788,
      "recall": 0.16071428571428573,
      "f1-score": 0.19148936170212766,
      "support": 56.0
    },
    "2": {
      "precision": 0.0,
      "recall": 0.0,
      "f1-score": 0.0,
      "support": 0.0
    },
    "accuracy": 0.05357142857142857,
    "macro avg": {
      "precision": 0.07894736842105263,
      "recall": 0.053571428571428575,
      "f1-score": 0.06382978723404255,
      "support": 168.0
    },
    "weighted avg": {
      "precision": 0.07894736842105263,
      "recall": 0.05357142857142857,
      "f1-score": 0.06382978723404256,
      "support": 168.0
    }
  }
}