{
  "acc": 0.2261904761904762,
  "cm": [
    [
      38,
      0,
      67,
      7
    ],
    [
      13,
      0,
      38,
      5
    ],
    [
      0,
      0,
      0,
      0
    ],
    [
      0,
      0,
      0,
      0
    ]
  ],
  "report": {
    "0": {
      "precision": 0.7450980392156863,
      "recall": 0.3392857142857143,
      "f1-score": 0.4662576687116564,
      "support": 112.0
    },
    "1": {
      "precision": 0.0,
      "recall": 0.0,
      "f1-score": 0.0,
      "support": 56.0
    },
    "2": {
      "precision": 0.0,
      "recall": 0.0,
      "f1-score": 0.0,
      "support": 0.0
    },
    "3": {
      "precision": 0.0,
      "recall": 0.0,
      "f1-score": 0.0,
      "support": 0.0
    },
    "accuracy": 0.2261904761904762,
    "macro avg": {
      "precision": 0.18627450980392157,
      "recall": 0.08482142857142858,
      "f1-score": 0.1165644171779141,
      "support": 168.0
    },
    "weighted avg": {
      "precision": 0.49673202614379086,
      "recall": 0.2261904761904762,
      "f1-score": 0.3108384458077709,
      "support": 168.0
    }
  }
}