{
  "acc": 0.6883333333333334,
  "f1": 0.5045539726105623,
  "cm": [
    [
      600,
      0,
      0,
      0
    ],
    [
      46,
      154,
      0,
      0
    ],
    [
      41,
      109,
      50,
      0
    ],
    [
      56,
      122,
      0,
      22
    ]
  ],
  "report": {
    "0": {
      "precision": 0.8075370121130552,
      "recall": 1.0,
      "f1-score": 0.8935219657483247,
      "support": 600.0
    },
    "1": {
      "precision": 0.4,
      "recall": 0.77,
      "f1-score": 0.5264957264957265,
      "support": 200.0
    },
    "2": {
      "precision": 1.0,
      "recall": 0.25,
      "f1-score": 0.4,
      "support": 200.0
    },
    "3": {
      "precision": 1.0,
      "recall": 0.11,
      "f1-score": 0.1981981981981982,
      "support": 200.0
    },
    "accuracy": 0.6883333333333334,
    "macro avg": {
      "precision": 0.8018842530282638,
      "recall": 0.5325,
      "f1-score": 0.5045539726105623,
      "support": 1200.0
    },
    "weighted avg": {
      "precision": 0.8037685060565276,
      "recall": 0.6883333333333334,
      "f1-score": 0.6342099703231497,
      "support": 1200.0
    }
  },
  "metrics": {}
}