{
  "acc": 0.25,
  "cm": [
    [
      112,
      0,
      0,
      0
    ],
    [
      112,
      0,
      0,
      0
    ],
    [
      84,
      0,
      0,
      28
    ],
    [
      72,
      40,
      0,
      0
    ]
  ],
  "report": {
    "0": {
      "precision": 0.29473684210526313,
      "recall": 1.0,
      "f1-score": 0.45528455284552843,
      "support": 112.0
    },
    "1": {
      "precision": 0.0,
      "recall": 0.0,
      "f1-score": 0.0,
      "support": 112.0
    },
    "2": {
      "precision": 0.0,
      "recall": 0.0,
      "f1-score": 0.0,
      "support": 112.0
    },
    "3": {
      "precision": 0.0,
      "recall": 0.0,
      "f1-score": 0.0,
      "support": 112.0
    },
    "accuracy": 0.25,
    "macro avg": {
      "precision": 0.07368421052631578,
      "recall": 0.25,
      "f1-score": 0.11382113821138211,
      "support": 448.0
    },
    "weighted avg": {
      "precision": 0.07368421052631578,
      "recall": 0.25,
      "f1-score": 0.11382113821138211,
      "support": 448.0
    }
  }
}