{
  "acc": 0.82,
  "f1": 0.4099639855942377,
  "cm": [
    [
      168,
      32,
      0,
      0
    ],
    [
      40,
      160,
      0,
      0
    ],
    [
      0,
      0,
      0,
      0
    ],
    [
      0,
      0,
      0,
      0
    ]
  ],
  "report": {
    "0": {
      "precision": 0.8076923076923077,
      "recall": 0.84,
      "f1-score": 0.8235294117647058,
      "support": 200.0
    },
    "1": {
      "precision": 0.8333333333333334,
      "recall": 0.8,
      "f1-score": 0.8163265306122449,
      "support": 200.0
    },
    "2": {
      "precision": 0.0,
      "recall": 0.0,
      "f1-score": 0.0,
      "support": 0.0
    },
    "3": {
      "precision": 0.0,
      "recall": 0.0,
      "f1-score": 0.0,
      "support": 0.0
    },
    "accuracy": 0.82,
    "macro avg": {
      "precision": 0.41025641025641024,
      "recall": 0.41000000000000003,
      "f1-score": 0.4099639855942377,
      "support": 400.0
    },
    "weighted avg": {
      "precision": 0.8205128205128206,
      "recall": 0.82,
      "f1-score": 0.8199279711884754,
      "support": 400.0
    }
  },
  "metrics": {
    "shared_balanced_acc": 0.8200000000000001,
    "fault_recall": 0.8,
    "fault_precision": 0.8333333333333334,
    "private_pred_rate": 0.0
  }
}