{
  "acc": 0.5535714285714286,
  "cm": [
    [
      93,
      0,
      19
    ],
    [
      42,
      0,
      14
    ],
    [
      0,
      0,
      0
    ]
  ],
  "report": {
    "0": {
      "precision": 0.6888888888888889,
      "recall": 0.8303571428571429,
      "f1-score": 0.7530364372469636,
      "support": 112.0
    },
    "1": {
      "precision": 0.0,
      "recall": 0.0,
      "f1-score": 0.0,
      "support": 56.0
    },
    "2": {
      "precision": 0.0,
      "recall": 0.0,
      "f1-score": 0.0,
      "support": 0.0
    },
    "accuracy": 0.5535714285714286,
    "macro avg": {
      "precision": 0.22962962962962963,
      "recall": 0.2767857142857143,
      "f1-score": 0.25101214574898784,
      "support": 168.0
    },
    "weighted avg": {
      "precision": 0.45925925925925926,
      "recall": 0.5535714285714286,
      "f1-score": 0.5020242914979757,
      "support": 168.0
    }
  }
}