{
  "acc": 0.575,
  "f1": 0.3650327681110238,
  "cm": [
    [
      600,
      0,
      0,
      0
    ],
    [
      180,
      20,
      0,
      0
    ],
    [
      145,
      7,
      47,
      1
    ],
    [
      165,
      8,
      4,
      23
    ]
  ],
  "report": {
    "0": {
      "precision": 0.5504587155963303,
      "recall": 1.0,
      "f1-score": 0.7100591715976331,
      "support": 600.0
    },
    "1": {
      "precision": 0.5714285714285714,
      "recall": 0.1,
      "f1-score": 0.1702127659574468,
      "support": 200.0
    },
    "2": {
      "precision": 0.9215686274509803,
      "recall": 0.235,
      "f1-score": 0.3745019920318725,
      "support": 200.0
    },
    "3": {
      "precision": 0.9583333333333334,
      "recall": 0.115,
      "f1-score": 0.20535714285714285,
      "support": 200.0
    },
    "accuracy": 0.575,
    "macro avg": {
      "precision": 0.7504473119523039,
      "recall": 0.3625,
      "f1-score": 0.3650327681110238,
      "support": 1200.0
    },
    "weighted avg": {
      "precision": 0.6837844465003127,
      "recall": 0.575,
      "f1-score": 0.4800415692732269,
      "support": 1200.0
    }
  },
  "metrics": {}
}