{
  "acc": 0.63,
  "f1": 0.31206349206349204,
  "cm": [
    [
      151,
      49,
      0,
      0
    ],
    [
      99,
      101,
      0,
      0
    ],
    [
      0,
      0,
      0,
      0
    ],
    [
      0,
      0,
      0,
      0
    ]
  ],
  "report": {
    "0": {
      "precision": 0.604,
      "recall": 0.755,
      "f1-score": 0.6711111111111111,
      "support": 200.0
    },
    "1": {
      "precision": 0.6733333333333333,
      "recall": 0.505,
      "f1-score": 0.5771428571428572,
      "support": 200.0
    },
    "2": {
      "precision": 0.0,
      "recall": 0.0,
      "f1-score": 0.0,
      "support": 0.0
    },
    "3": {
      "precision": 0.0,
      "recall": 0.0,
      "f1-score": 0.0,
      "support": 0.0
    },
    "accuracy": 0.63,
    "macro avg": {
      "precision": 0.31933333333333336,
      "recall": 0.315,
      "f1-score": 0.31206349206349204,
      "support": 400.0
    },
    "weighted avg": {
      "precision": 0.6386666666666666,
      "recall": 0.63,
      "f1-score": 0.6241269841269842,
      "support": 400.0
    }
  },
  "metrics": {
    "shared_balanced_acc": 0.63,
    "fault_recall": 0.505,
    "fault_precision": 0.6733333333333333,
    "private_pred_rate": 0.0
  }
}