{
  "acc": 0.6116666666666667,
  "f1": 0.4317263753034812,
  "cm": [
    [
      495,
      105,
      0,
      0
    ],
    [
      9,
      191,
      0,
      0
    ],
    [
      85,
      65,
      47,
      3
    ],
    [
      45,
      154,
      0,
      1
    ]
  ],
  "report": {
    "0": {
      "precision": 0.7807570977917981,
      "recall": 0.825,
      "f1-score": 0.8022690437601296,
      "support": 600.0
    },
    "1": {
      "precision": 0.37087378640776697,
      "recall": 0.955,
      "f1-score": 0.5342657342657343,
      "support": 200.0
    },
    "2": {
      "precision": 1.0,
      "recall": 0.235,
      "f1-score": 0.3805668016194332,
      "support": 200.0
    },
    "3": {
      "precision": 0.25,
      "recall": 0.005,
      "f1-score": 0.00980392156862745,
      "support": 200.0
    },
    "accuracy": 0.6116666666666667,
    "macro avg": {
      "precision": 0.6004077210498913,
      "recall": 0.5049999999999999,
      "f1-score": 0.4317263753034812,
      "support": 1200.0
    },
    "weighted avg": {
      "precision": 0.6605241799638603,
      "recall": 0.6116666666666667,
      "f1-score": 0.5552405981223639,
      "support": 1200.0
    }
  },
  "metrics": {}
}