{
  "acc": 0.38392857142857145,
  "cm": [
    [
      112,
      0,
      0,
      0
    ],
    [
      80,
      32,
      0,
      0
    ],
    [
      63,
      21,
      28,
      0
    ],
    [
      56,
      52,
      4,
      0
    ]
  ],
  "report": {
    "0": {
      "precision": 0.36012861736334406,
      "recall": 1.0,
      "f1-score": 0.5295508274231678,
      "support": 112.0
    },
    "1": {
      "precision": 0.3047619047619048,
      "recall": 0.2857142857142857,
      "f1-score": 0.29493087557603687,
      "support": 112.0
    },
    "2": {
      "precision": 0.875,
      "recall": 0.25,
      "f1-score": 0.3888888888888889,
      "support": 112.0
    },
    "3": {
      "precision": 0.0,
      "recall": 0.0,
      "f1-score": 0.0,
      "support": 112.0
    },
    "accuracy": 0.38392857142857145,
    "macro avg": {
      "precision": 0.3849726305313122,
      "recall": 0.3839285714285714,
      "f1-score": 0.30334264797202337,
      "support": 448.0
    },
    "weighted avg": {
      "precision": 0.38497263053131225,
      "recall": 0.38392857142857145,
      "f1-score": 0.30334264797202337,
      "support": 448.0
    }
  }
}