{
  "acc": 0.05952380952380952,
  "cm": [
    [
      3,
      34,
      75
    ],
    [
      3,
      7,
      46
    ],
    [
      0,
      0,
      0
    ]
  ],
  "report": {
    "0": {
      "precision": 0.5,
      "recall": 0.026785714285714284,
      "f1-score": 0.05084745762711865,
      "support": 112.0
    },
    "1": {
      "precision": 0.17073170731707318,
      "recall": 0.125,
      "f1-score": 0.14432989690721648,
      "support": 56.0
    },
    "2": {
      "precision": 0.0,
      "recall": 0.0,
      "f1-score": 0.0,
      "support": 0.0
    },
    "accuracy": 0.05952380952380952,
    "macro avg": {
      "precision": 0.22357723577235775,
      "recall": 0.05059523809523809,
      "f1-score": 0.0650591181781117,
      "support": 168.0
    },
    "weighted avg": {
      "precision": 0.3902439024390244,
      "recall": 0.05952380952380952,
      "f1-score": 0.0820082707204846,
      "support": 168.0
    }
  }
}