{
  "acc": 0.047619047619047616,
  "cm": [
    [
      8,
      0,
      104
    ],
    [
      48,
      0,
      8
    ],
    [
      0,
      0,
      0
    ]
  ],
  "report": {
    "0": {
      "precision": 0.14285714285714285,
      "recall": 0.07142857142857142,
      "f1-score": 0.09523809523809523,
      "support": 112.0
    },
    "1": {
      "precision": 0.0,
      "recall": 0.0,
      "f1-score": 0.0,
      "support": 56.0
    },
    "2": {
      "precision": 0.0,
      "recall": 0.0,
      "f1-score": 0.0,
      "support": 0.0
    },
    "accuracy": 0.047619047619047616,
    "macro avg": {
      "precision": 0.047619047619047616,
      "recall": 0.023809523809523808,
      "f1-score": 0.031746031746031744,
      "support": 168.0
    },
    "weighted avg": {
      "precision": 0.09523809523809523,
      "recall": 0.047619047619047616,
      "f1-score": 0.06349206349206349,
      "support": 168.0
    }
  }
}