{
  "acc": 0.63,
  "f1": 0.43330737874681025,
  "cm": [
    [
      600,
      0,
      0,
      0
    ],
    [
      92,
      108,
      0,
      0
    ],
    [
      132,
      20,
      48,
      0
    ],
    [
      161,
      34,
      5,
      0
    ]
  ],
  "report": {
    "0": {
      "precision": 0.6091370558375635,
      "recall": 1.0,
      "f1-score": 0.7570977917981072,
      "support": 600.0
    },
    "1": {
      "precision": 0.6666666666666666,
      "recall": 0.54,
      "f1-score": 0.5966850828729282,
      "support": 200.0
    },
    "2": {
      "precision": 0.9056603773584906,
      "recall": 0.24,
      "f1-score": 0.3794466403162055,
      "support": 200.0
    },
    "3": {
      "precision": 0.0,
      "recall": 0.0,
      "f1-score": 0.0,
      "support": 200.0
    },
    "accuracy": 0.63,
    "macro avg": {
      "precision": 0.5453660249656802,
      "recall": 0.445,
      "f1-score": 0.43330737874681025,
      "support": 1200.0
    },
    "weighted avg": {
      "precision": 0.566623035256308,
      "recall": 0.63,
      "f1-score": 0.5412375164305759,
      "support": 1200.0
    }
  },
  "metrics": {}
}