{
  "acc": 0.485,
  "f1": 0.37340275900231545,
  "cm": [
    [
      333,
      267,
      0,
      0
    ],
    [
      1,
      199,
      0,
      0
    ],
    [
      26,
      124,
      50,
      0
    ],
    [
      7,
      193,
      0,
      0
    ]
  ],
  "report": {
    "0": {
      "precision": 0.9073569482288828,
      "recall": 0.555,
      "f1-score": 0.688728024819028,
      "support": 600.0
    },
    "1": {
      "precision": 0.2541507024265645,
      "recall": 0.995,
      "f1-score": 0.40488301119023395,
      "support": 200.0
    },
    "2": {
      "precision": 1.0,
      "recall": 0.25,
      "f1-score": 0.4,
      "support": 200.0
    },
    "3": {
      "precision": 0.0,
      "recall": 0.0,
      "f1-score": 0.0,
      "support": 200.0
    },
    "accuracy": 0.485,
    "macro avg": {
      "precision": 0.5403769126638618,
      "recall": 0.45,
      "f1-score": 0.37340275900231545,
      "support": 1200.0
    },
    "weighted avg": {
      "precision": 0.6627035911855355,
      "recall": 0.485,
      "f1-score": 0.47851118094121964,
      "support": 1200.0
    }
  },
  "metrics": {}
}