{
  "acc": 0.39285714285714285,
  "cm": [
    [
      112,
      0,
      0,
      0
    ],
    [
      84,
      28,
      0,
      0
    ],
    [
      69,
      15,
      28,
      0
    ],
    [
      57,
      31,
      16,
      8
    ]
  ],
  "report": {
    "0": {
      "precision": 0.34782608695652173,
      "recall": 1.0,
      "f1-score": 0.5161290322580645,
      "support": 112.0
    },
    "1": {
      "precision": 0.3783783783783784,
      "recall": 0.25,
      "f1-score": 0.3010752688172043,
      "support": 112.0
    },
    "2": {
      "precision": 0.6363636363636364,
      "recall": 0.25,
      "f1-score": 0.358974358974359,
      "support": 112.0
    },
    "3": {
      "precision": 1.0,
      "recall": 0.07142857142857142,
      "f1-score": 0.13333333333333333,
      "support": 112.0
    },
    "accuracy": 0.39285714285714285,
    "macro avg": {
      "precision": 0.5906420254246341,
      "recall": 0.39285714285714285,
      "f1-score": 0.3273779983457403,
      "support": 448.0
    },
    "weighted avg": {
      "precision": 0.5906420254246341,
      "recall": 0.39285714285714285,
      "f1-score": 0.3273779983457403,
      "support": 448.0
    }
  }
}