{
  "acc": 0.16071428571428573,
  "cm": [
    [
      0,
      0,
      112
    ],
    [
      0,
      27,
      29
    ],
    [
      0,
      0,
      0
    ]
  ],
  "report": {
    "0": {
      "precision": 0.0,
      "recall": 0.0,
      "f1-score": 0.0,
      "support": 112.0
    },
    "1": {
      "precision": 1.0,
      "recall": 0.48214285714285715,
      "f1-score": 0.6506024096385542,
      "support": 56.0
    },
    "2": {
      "precision": 0.0,
      "recall": 0.0,
      "f1-score": 0.0,
      "support": 0.0
    },
    "accuracy": 0.16071428571428573,
    "macro avg": {
      "precision": 0.3333333333333333,
      "recall": 0.16071428571428573,
      "f1-score": 0.21686746987951808,
      "support": 168.0
    },
    "weighted avg": {
      "precision": 0.3333333333333333,
      "recall": 0.16071428571428573,
      "f1-score": 0.21686746987951805,
      "support": 168.0
    }
  }
}