{
  "acc": 0.9075,
  "f1": 0.45347053238513824,
  "cm": [
    [
      197,
      3,
      0,
      0
    ],
    [
      34,
      166,
      0,
      0
    ],
    [
      0,
      0,
      0,
      0
    ],
    [
      0,
      0,
      0,
      0
    ]
  ],
  "report": {
    "0": {
      "precision": 0.8528138528138528,
      "recall": 0.985,
      "f1-score": 0.91415313225058,
      "support": 200.0
    },
    "1": {
      "precision": 0.9822485207100592,
      "recall": 0.83,
      "f1-score": 0.8997289972899729,
      "support": 200.0
    },
    "2": {
      "precision": 0.0,
      "recall": 0.0,
      "f1-score": 0.0,
      "support": 0.0
    },
    "3": {
      "precision": 0.0,
      "recall": 0.0,
      "f1-score": 0.0,
      "support": 0.0
    },
    "accuracy": 0.9075,
    "macro avg": {
      "precision": 0.458765593380978,
      "recall": 0.45375,
      "f1-score": 0.45347053238513824,
      "support": 400.0
    },
    "weighted avg": {
      "precision": 0.917531186761956,
      "recall": 0.9075,
      "f1-score": 0.9069410647702765,
      "support": 400.0
    }
  },
  "metrics": {
    "shared_balanced_acc": 0.9075,
    "fault_recall": 0.83,
    "fault_precision": 0.9822485207100592,
    "private_pred_rate": 0.0
  }
}