{
  "acc": 0.36830357142857145,
  "cm": [
    [
      112,
      0,
      0,
      0
    ],
    [
      97,
      0,
      0,
      15
    ],
    [
      83,
      0,
      28,
      1
    ],
    [
      84,
      0,
      3,
      25
    ]
  ],
  "report": {
    "0": {
      "precision": 0.2978723404255319,
      "recall": 1.0,
      "f1-score": 0.45901639344262296,
      "support": 112.0
    },
    "1": {
      "precision": 0.0,
      "recall": 0.0,
      "f1-score": 0.0,
      "support": 112.0
    },
    "2": {
      "precision": 0.9032258064516129,
      "recall": 0.25,
      "f1-score": 0.3916083916083916,
      "support": 112.0
    },
    "3": {
      "precision": 0.6097560975609756,
      "recall": 0.22321428571428573,
      "f1-score": 0.32679738562091504,
      "support": 112.0
    },
    "accuracy": 0.36830357142857145,
    "macro avg": {
      "precision": 0.4527135611095301,
      "recall": 0.36830357142857145,
      "f1-score": 0.2943555426679824,
      "support": 448.0
    },
    "weighted avg": {
      "precision": 0.45271356110953015,
      "recall": 0.36830357142857145,
      "f1-score": 0.2943555426679824,
      "support": 448.0
    }
  }
}