{
  "acc": 0.6441666666666667,
  "f1": 0.4242365994807894,
  "cm": [
    [
      594,
      6,
      0,
      0
    ],
    [
      67,
      133,
      0,
      0
    ],
    [
      24,
      128,
      46,
      2
    ],
    [
      3,
      197,
      0,
      0
    ]
  ],
  "report": {
    "0": {
      "precision": 0.8633720930232558,
      "recall": 0.99,
      "f1-score": 0.922360248447205,
      "support": 600.0
    },
    "1": {
      "precision": 0.28663793103448276,
      "recall": 0.665,
      "f1-score": 0.4006024096385542,
      "support": 200.0
    },
    "2": {
      "precision": 1.0,
      "recall": 0.23,
      "f1-score": 0.37398373983739835,
      "support": 200.0
    },
    "3": {
      "precision": 0.0,
      "recall": 0.0,
      "f1-score": 0.0,
      "support": 200.0
    },
    "accuracy": 0.6441666666666667,
    "macro avg": {
      "precision": 0.5375025060144346,
      "recall": 0.47125,
      "f1-score": 0.4242365994807894,
      "support": 1200.0
    },
    "weighted avg": {
      "precision": 0.6461257016840417,
      "recall": 0.6441666666666667,
      "f1-score": 0.5902778158029279,
      "support": 1200.0
    }
  },
  "metrics": {}
}