{
  "acc": 0.38839285714285715,
  "cm": [
    [
      112,
      0,
      0,
      0
    ],
    [
      82,
      30,
      0,
      0
    ],
    [
      68,
      16,
      28,
      0
    ],
    [
      56,
      43,
      9,
      4
    ]
  ],
  "report": {
    "0": {
      "precision": 0.3522012578616352,
      "recall": 1.0,
      "f1-score": 0.5209302325581395,
      "support": 112.0
    },
    "1": {
      "precision": 0.33707865168539325,
      "recall": 0.26785714285714285,
      "f1-score": 0.29850746268656714,
      "support": 112.0
    },
    "2": {
      "precision": 0.7567567567567568,
      "recall": 0.25,
      "f1-score": 0.37583892617449666,
      "support": 112.0
    },
    "3": {
      "precision": 1.0,
      "recall": 0.03571428571428571,
      "f1-score": 0.06896551724137931,
      "support": 112.0
    },
    "accuracy": 0.38839285714285715,
    "macro avg": {
      "precision": 0.6115091665759463,
      "recall": 0.38839285714285715,
      "f1-score": 0.31606053466514566,
      "support": 448.0
    },
    "weighted avg": {
      "precision": 0.6115091665759463,
      "recall": 0.38839285714285715,
      "f1-score": 0.31606053466514566,
      "support": 448.0
    }
  }
}