{
  "acc": 0.26339285714285715,
  "cm": [
    [
      112,
      0,
      0,
      0
    ],
    [
      112,
      0,
      0,
      0
    ],
    [
      106,
      0,
      6,
      0
    ],
    [
      112,
      0,
      0,
      0
    ]
  ],
  "report": {
    "0": {
      "precision": 0.25339366515837103,
      "recall": 1.0,
      "f1-score": 0.4043321299638989,
      "support": 112.0
    },
    "1": {
      "precision": 0.0,
      "recall": 0.0,
      "f1-score": 0.0,
      "support": 112.0
    },
    "2": {
      "precision": 1.0,
      "recall": 0.05357142857142857,
      "f1-score": 0.1016949152542373,
      "support": 112.0
    },
    "3": {
      "precision": 0.0,
      "recall": 0.0,
      "f1-score": 0.0,
      "support": 112.0
    },
    "accuracy": 0.26339285714285715,
    "macro avg": {
      "precision": 0.31334841628959276,
      "recall": 0.26339285714285715,
      "f1-score": 0.12650676130453403,
      "support": 448.0
    },
    "weighted avg": {
      "precision": 0.3133484162895928,
      "recall": 0.26339285714285715,
      "f1-score": 0.12650676130453406,
      "support": 448.0
    }
  }
}