{
  "acc": 0.3333333333333333,
  "cm": [
    [
      56,
      0,
      50,
      6
    ],
    [
      32,
      0,
      23,
      1
    ],
    [
      0,
      0,
      0,
      0
    ],
    [
      0,
      0,
      0,
      0
    ]
  ],
  "report": {
    "0": {
      "precision": 0.6363636363636364,
      "recall": 0.5,
      "f1-score": 0.56,
      "support": 112.0
    },
    "1": {
      "precision": 0.0,
      "recall": 0.0,
      "f1-score": 0.0,
      "support": 56.0
    },
    "2": {
      "precision": 0.0,
      "recall": 0.0,
      "f1-score": 0.0,
      "support": 0.0
    },
    "3": {
      "precision": 0.0,
      "recall": 0.0,
      "f1-score": 0.0,
      "support": 0.0
    },
    "accuracy": 0.3333333333333333,
    "macro avg": {
      "precision": 0.1590909090909091,
      "recall": 0.125,
      "f1-score": 0.14,
      "support": 168.0
    },
    "weighted avg": {
      "precision": 0.4242424242424242,
      "recall": 0.3333333333333333,
      "f1-score": 0.37333333333333335,
      "support": 168.0
    }
  }
}