{
  "acc": 0.24404761904761904,
  "cm": [
    [
      41,
      0,
      63,
      8
    ],
    [
      13,
      0,
      37,
      6
    ],
    [
      0,
      0,
      0,
      0
    ],
    [
      0,
      0,
      0,
      0
    ]
  ],
  "report": {
    "0": {
      "precision": 0.7592592592592593,
      "recall": 0.36607142857142855,
      "f1-score": 0.4939759036144578,
      "support": 112.0
    },
    "1": {
      "precision": 0.0,
      "recall": 0.0,
      "f1-score": 0.0,
      "support": 56.0
    },
    "2": {
      "precision": 0.0,
      "recall": 0.0,
      "f1-score": 0.0,
      "support": 0.0
    },
    "3": {
      "precision": 0.0,
      "recall": 0.0,
      "f1-score": 0.0,
      "support": 0.0
    },
    "accuracy": 0.24404761904761904,
    "macro avg": {
      "precision": 0.18981481481481483,
      "recall": 0.09151785714285714,
      "f1-score": 0.12349397590361445,
      "support": 168.0
    },
    "weighted avg": {
      "precision": 0.5061728395061729,
      "recall": 0.24404761904761904,
      "f1-score": 0.3293172690763052,
      "support": 168.0
    }
  }
}