{
  "acc": 0.828125,
  "cm": [
    [
      35,
      77
    ],
    [
      0,
      336
    ]
  ],
  "report": {
    "0": {
      "precision": 1.0,
      "recall": 0.3125,
      "f1-score": 0.47619047619047616,
      "support": 112.0
    },
    "1": {
      "precision": 0.8135593220338984,
      "recall": 1.0,
      "f1-score": 0.897196261682243,
      "support": 336.0
    },
    "accuracy": 0.828125,
    "macro avg": {
      "precision": 0.9067796610169492,
      "recall": 0.65625,
      "f1-score": 0.6866933689363596,
      "support": 448.0
    },
    "weighted avg": {
      "precision": 0.8601694915254238,
      "recall": 0.828125,
      "f1-score": 0.7919448153093012,
      "support": 448.0
    }
  }
}