{
  "acc": 0.5391666666666667,
  "f1": 0.2691244964158045,
  "cm": [
    [
      600,
      0,
      0,
      0
    ],
    [
      197,
      3,
      0,
      0
    ],
    [
      152,
      0,
      44,
      4
    ],
    [
      194,
      5,
      1,
      0
    ]
  ],
  "report": {
    "0": {
      "precision": 0.5249343832020997,
      "recall": 1.0,
      "f1-score": 0.6884681583476764,
      "support": 600.0
    },
    "1": {
      "precision": 0.375,
      "recall": 0.015,
      "f1-score": 0.028846153846153848,
      "support": 200.0
    },
    "2": {
      "precision": 0.9777777777777777,
      "recall": 0.22,
      "f1-score": 0.35918367346938773,
      "support": 200.0
    },
    "3": {
      "precision": 0.0,
      "recall": 0.0,
      "f1-score": 0.0,
      "support": 200.0
    },
    "accuracy": 0.5391666666666667,
    "macro avg": {
      "precision": 0.46942804024496937,
      "recall": 0.30874999999999997,
      "f1-score": 0.2691244964158045,
      "support": 1200.0
    },
    "weighted avg": {
      "precision": 0.48793015456401284,
      "recall": 0.5391666666666667,
      "f1-score": 0.40890571705976175,
      "support": 1200.0
    }
  },
  "metrics": {}
}