{
  "acc": 0.6316964285714286,
  "f1": 0.6048636360035804,
  "cm": [
    [
      106,
      6,
      0,
      0
    ],
    [
      14,
      98,
      0,
      0
    ],
    [
      61,
      20,
      28,
      3
    ],
    [
      45,
      16,
      0,
      51
    ]
  ],
  "report": {
    "0": {
      "precision": 0.4690265486725664,
      "recall": 0.9464285714285714,
      "f1-score": 0.6272189349112426,
      "support": 112.0
    },
    "1": {
      "precision": 0.7,
      "recall": 0.875,
      "f1-score": 0.7777777777777778,
      "support": 112.0
    },
    "2": {
      "precision": 1.0,
      "recall": 0.25,
      "f1-score": 0.4,
      "support": 112.0
    },
    "3": {
      "precision": 0.9444444444444444,
      "recall": 0.45535714285714285,
      "f1-score": 0.6144578313253012,
      "support": 112.0
    },
    "accuracy": 0.6316964285714286,
    "macro avg": {
      "precision": 0.7783677482792528,
      "recall": 0.6316964285714285,
      "f1-score": 0.6048636360035804,
      "support": 448.0
    },
    "weighted avg": {
      "precision": 0.7783677482792527,
      "recall": 0.6316964285714286,
      "f1-score": 0.6048636360035804,
      "support": 448.0
    }
  },
  "metrics": {}
}