{
  "acc": 0.7775,
  "f1": 0.3886936511609002,
  "cm": [
    [
      151,
      49,
      0,
      0
    ],
    [
      40,
      160,
      0,
      0
    ],
    [
      0,
      0,
      0,
      0
    ],
    [
      0,
      0,
      0,
      0
    ]
  ],
  "report": {
    "0": {
      "precision": 0.7905759162303665,
      "recall": 0.755,
      "f1-score": 0.7723785166240409,
      "support": 200.0
    },
    "1": {
      "precision": 0.7655502392344498,
      "recall": 0.8,
      "f1-score": 0.78239608801956,
      "support": 200.0
    },
    "2": {
      "precision": 0.0,
      "recall": 0.0,
      "f1-score": 0.0,
      "support": 0.0
    },
    "3": {
      "precision": 0.0,
      "recall": 0.0,
      "f1-score": 0.0,
      "support": 0.0
    },
    "accuracy": 0.7775,
    "macro avg": {
      "precision": 0.38903153886620406,
      "recall": 0.38875000000000004,
      "f1-score": 0.3886936511609002,
      "support": 400.0
    },
    "weighted avg": {
      "precision": 0.778063077732408,
      "recall": 0.7775,
      "f1-score": 0.7773873023218004,
      "support": 400.0
    }
  },
  "metrics": {
    "shared_balanced_acc": 0.7775000000000001,
    "fault_recall": 0.8,
    "fault_precision": 0.7655502392344498,
    "private_pred_rate": 0.0
  }
}