{
  "acc": 0.375,
  "f1": 0.19320862824401752,
  "cm": [
    [
      44,
      54,
      14,
      0
    ],
    [
      28,
      19,
      9,
      0
    ],
    [
      0,
      0,
      0,
      0
    ],
    [
      0,
      0,
      0,
      0
    ]
  ],
  "report": {
    "0": {
      "precision": 0.6111111111111112,
      "recall": 0.39285714285714285,
      "f1-score": 0.4782608695652174,
      "support": 112.0
    },
    "1": {
      "precision": 0.2602739726027397,
      "recall": 0.3392857142857143,
      "f1-score": 0.29457364341085274,
      "support": 56.0
    },
    "2": {
      "precision": 0.0,
      "recall": 0.0,
      "f1-score": 0.0,
      "support": 0.0
    },
    "3": {
      "precision": 0.0,
      "recall": 0.0,
      "f1-score": 0.0,
      "support": 0.0
    },
    "accuracy": 0.375,
    "macro avg": {
      "precision": 0.2178462709284627,
      "recall": 0.1830357142857143,
      "f1-score": 0.19320862824401752,
      "support": 168.0
    },
    "weighted avg": {
      "precision": 0.4941653982749874,
      "recall": 0.375,
      "f1-score": 0.4170317941804291,
      "support": 168.0
    }
  },
  "metrics": {
    "shared_balanced_acc": 0.3660714285714286,
    "fault_recall": 0.3392857142857143,
    "fault_precision": 0.2602739726027397,
    "private_pred_rate": 0.13690476190476192
  }
}