{
  "acc": 0.43080357142857145,
  "cm": [
    [
      112,
      0,
      0,
      0
    ],
    [
      84,
      27,
      0,
      1
    ],
    [
      70,
      14,
      28,
      0
    ],
    [
      57,
      27,
      2,
      26
    ]
  ],
  "report": {
    "0": {
      "precision": 0.34674922600619196,
      "recall": 1.0,
      "f1-score": 0.5149425287356322,
      "support": 112.0
    },
    "1": {
      "precision": 0.39705882352941174,
      "recall": 0.24107142857142858,
      "f1-score": 0.3,
      "support": 112.0
    },
    "2": {
      "precision": 0.9333333333333333,
      "recall": 0.25,
      "f1-score": 0.39436619718309857,
      "support": 112.0
    },
    "3": {
      "precision": 0.9629629629629629,
      "recall": 0.23214285714285715,
      "f1-score": 0.37410071942446044,
      "support": 112.0
    },
    "accuracy": 0.43080357142857145,
    "macro avg": {
      "precision": 0.660026086457975,
      "recall": 0.43080357142857145,
      "f1-score": 0.3958523613357978,
      "support": 448.0
    },
    "weighted avg": {
      "precision": 0.660026086457975,
      "recall": 0.43080357142857145,
      "f1-score": 0.3958523613357978,
      "support": 448.0
    }
  }
}