{
  "acc": 0.017857142857142856,
  "cm": [
    [
      3,
      13,
      93,
      3
    ],
    [
      2,
      0,
      54,
      0
    ],
    [
      0,
      0,
      0,
      0
    ],
    [
      0,
      0,
      0,
      0
    ]
  ],
  "report": {
    "0": {
      "precision": 0.6,
      "recall": 0.026785714285714284,
      "f1-score": 0.05128205128205128,
      "support": 112.0
    },
    "1": {
      "precision": 0.0,
      "recall": 0.0,
      "f1-score": 0.0,
      "support": 56.0
    },
    "2": {
      "precision": 0.0,
      "recall": 0.0,
      "f1-score": 0.0,
      "support": 0.0
    },
    "3": {
      "precision": 0.0,
      "recall": 0.0,
      "f1-score": 0.0,
      "support": 0.0
    },
    "accuracy": 0.017857142857142856,
    "macro avg": {
      "precision": 0.15,
      "recall": 0.006696428571428571,
      "f1-score": 0.01282051282051282,
      "support": 168.0
    },
    "weighted avg": {
      "precision": 0.4,
      "recall": 0.017857142857142856,
      "f1-score": 0.03418803418803419,
      "support": 168.0
    }
  }
}