{
  "acc": 0.2611607142857143,
  "cm": [
    [
      112,
      0,
      0,
      0
    ],
    [
      107,
      5,
      0,
      0
    ],
    [
      84,
      27,
      0,
      1
    ],
    [
      56,
      56,
      0,
      0
    ]
  ],
  "report": {
    "0": {
      "precision": 0.31197771587743733,
      "recall": 1.0,
      "f1-score": 0.47558386411889597,
      "support": 112.0
    },
    "1": {
      "precision": 0.056818181818181816,
      "recall": 0.044642857142857144,
      "f1-score": 0.05,
      "support": 112.0
    },
    "2": {
      "precision": 0.0,
      "recall": 0.0,
      "f1-score": 0.0,
      "support": 112.0
    },
    "3": {
      "precision": 0.0,
      "recall": 0.0,
      "f1-score": 0.0,
      "support": 112.0
    },
    "accuracy": 0.2611607142857143,
    "macro avg": {
      "precision": 0.09219897442390479,
      "recall": 0.2611607142857143,
      "f1-score": 0.131395966029724,
      "support": 448.0
    },
    "weighted avg": {
      "precision": 0.09219897442390478,
      "recall": 0.2611607142857143,
      "f1-score": 0.131395966029724,
      "support": 448.0
    }
  }
}