{
  "acc": 0.4226190476190476,
  "cm": [
    [
      71,
      0,
      41
    ],
    [
      56,
      0,
      0
    ],
    [
      0,
      0,
      0
    ]
  ],
  "report": {
    "0": {
      "precision": 0.5590551181102362,
      "recall": 0.6339285714285714,
      "f1-score": 0.5941422594142259,
      "support": 112.0
    },
    "1": {
      "precision": 0.0,
      "recall": 0.0,
      "f1-score": 0.0,
      "support": 56.0
    },
    "2": {
      "precision": 0.0,
      "recall": 0.0,
      "f1-score": 0.0,
      "support": 0.0
    },
    "accuracy": 0.4226190476190476,
    "macro avg": {
      "precision": 0.18635170603674542,
      "recall": 0.2113095238095238,
      "f1-score": 0.19804741980474197,
      "support": 168.0
    },
    "weighted avg": {
      "precision": 0.37270341207349084,
      "recall": 0.4226190476190476,
      "f1-score": 0.396094839609484,
      "support": 168.0
    }
  }
}