{
  "acc": 0.6011904761904762,
  "cm": [
    [
      101,
      0,
      11
    ],
    [
      52,
      0,
      4
    ],
    [
      0,
      0,
      0
    ]
  ],
  "report": {
    "0": {
      "precision": 0.6601307189542484,
      "recall": 0.9017857142857143,
      "f1-score": 0.7622641509433963,
      "support": 112.0
    },
    "1": {
      "precision": 0.0,
      "recall": 0.0,
      "f1-score": 0.0,
      "support": 56.0
    },
    "2": {
      "precision": 0.0,
      "recall": 0.0,
      "f1-score": 0.0,
      "support": 0.0
    },
    "accuracy": 0.6011904761904762,
    "macro avg": {
      "precision": 0.22004357298474944,
      "recall": 0.3005952380952381,
      "f1-score": 0.2540880503144654,
      "support": 168.0
    },
    "weighted avg": {
      "precision": 0.4400871459694989,
      "recall": 0.6011904761904762,
      "f1-score": 0.5081761006289308,
      "support": 168.0
    }
  }
}