{
  "acc": 0.5758333333333333,
  "f1": 0.3555412588375403,
  "cm": [
    [
      600,
      0,
      0,
      0
    ],
    [
      186,
      1,
      0,
      13
    ],
    [
      147,
      0,
      42,
      11
    ],
    [
      152,
      0,
      0,
      48
    ]
  ],
  "report": {
    "0": {
      "precision": 0.5529953917050692,
      "recall": 1.0,
      "f1-score": 0.712166172106825,
      "support": 600.0
    },
    "1": {
      "precision": 1.0,
      "recall": 0.005,
      "f1-score": 0.009950248756218905,
      "support": 200.0
    },
    "2": {
      "precision": 1.0,
      "recall": 0.21,
      "f1-score": 0.34710743801652894,
      "support": 200.0
    },
    "3": {
      "precision": 0.6666666666666666,
      "recall": 0.24,
      "f1-score": 0.35294117647058826,
      "support": 200.0
    },
    "accuracy": 0.5758333333333333,
    "macro avg": {
      "precision": 0.804915514592934,
      "recall": 0.36374999999999996,
      "f1-score": 0.3555412588375403,
      "support": 1200.0
    },
    "weighted avg": {
      "precision": 0.720942140296979,
      "recall": 0.5758333333333333,
      "f1-score": 0.4744162299273018,
      "support": 1200.0
    }
  },
  "metrics": {}
}