{
  "acc": 0.7745535714285714,
  "cm": [
    [
      11,
      101
    ],
    [
      0,
      336
    ]
  ],
  "report": {
    "0": {
      "precision": 1.0,
      "recall": 0.09821428571428571,
      "f1-score": 0.17886178861788618,
      "support": 112.0
    },
    "1": {
      "precision": 0.7688787185354691,
      "recall": 1.0,
      "f1-score": 0.869340232858991,
      "support": 336.0
    },
    "accuracy": 0.7745535714285714,
    "macro avg": {
      "precision": 0.8844393592677345,
      "recall": 0.5491071428571429,
      "f1-score": 0.5241010107384386,
      "support": 448.0
    },
    "weighted avg": {
      "precision": 0.8266590389016019,
      "recall": 0.7745535714285714,
      "f1-score": 0.6967206217987147,
      "support": 448.0
    }
  }
}