{
  "acc": 0.5441666666666667,
  "f1": 0.27536321615009457,
  "cm": [
    [
      600,
      0,
      0,
      0
    ],
    [
      198,
      2,
      0,
      0
    ],
    [
      149,
      0,
      51,
      0
    ],
    [
      190,
      0,
      10,
      0
    ]
  ],
  "report": {
    "0": {
      "precision": 0.5277044854881267,
      "recall": 1.0,
      "f1-score": 0.690846286701209,
      "support": 600.0
    },
    "1": {
      "precision": 1.0,
      "recall": 0.01,
      "f1-score": 0.019801980198019802,
      "support": 200.0
    },
    "2": {
      "precision": 0.8360655737704918,
      "recall": 0.255,
      "f1-score": 0.39080459770114945,
      "support": 200.0
    },
    "3": {
      "precision": 0.0,
      "recall": 0.0,
      "f1-score": 0.0,
      "support": 200.0
    },
    "accuracy": 0.5441666666666667,
    "macro avg": {
      "precision": 0.5909425148146545,
      "recall": 0.31625000000000003,
      "f1-score": 0.27536321615009457,
      "support": 1200.0
    },
    "weighted avg": {
      "precision": 0.5698631717058119,
      "recall": 0.5441666666666667,
      "f1-score": 0.413857573000466,
      "support": 1200.0
    }
  },
  "metrics": {}
}