{
  "acc": 0.8169642857142857,
  "f1": 0.8196982321055315,
  "cm": [
    [
      109,
      0,
      3,
      0
    ],
    [
      8,
      83,
      0,
      21
    ],
    [
      0,
      0,
      76,
      36
    ],
    [
      0,
      0,
      14,
      98
    ]
  ],
  "report": {
    "0": {
      "precision": 0.9316239316239316,
      "recall": 0.9732142857142857,
      "f1-score": 0.9519650655021834,
      "support": 112.0
    },
    "1": {
      "precision": 1.0,
      "recall": 0.7410714285714286,
      "f1-score": 0.8512820512820513,
      "support": 112.0
    },
    "2": {
      "precision": 0.8172043010752689,
      "recall": 0.6785714285714286,
      "f1-score": 0.7414634146341463,
      "support": 112.0
    },
    "3": {
      "precision": 0.632258064516129,
      "recall": 0.875,
      "f1-score": 0.7340823970037453,
      "support": 112.0
    },
    "accuracy": 0.8169642857142857,
    "macro avg": {
      "precision": 0.8452715743038324,
      "recall": 0.8169642857142858,
      "f1-score": 0.8196982321055315,
      "support": 448.0
    },
    "weighted avg": {
      "precision": 0.8452715743038324,
      "recall": 0.8169642857142857,
      "f1-score": 0.8196982321055316,
      "support": 448.0
    }
  },
  "metrics": {}
}