{
  "acc": 0.5178571428571429,
  "f1": 0.23787860884635076,
  "cm": [
    [
      68,
      42,
      0,
      2
    ],
    [
      37,
      19,
      0,
      0
    ],
    [
      0,
      0,
      0,
      0
    ],
    [
      0,
      0,
      0,
      0
    ]
  ],
  "report": {
    "0": {
      "precision": 0.6476190476190476,
      "recall": 0.6071428571428571,
      "f1-score": 0.6267281105990783,
      "support": 112.0
    },
    "1": {
      "precision": 0.3114754098360656,
      "recall": 0.3392857142857143,
      "f1-score": 0.3247863247863248,
      "support": 56.0
    },
    "2": {
      "precision": 0.0,
      "recall": 0.0,
      "f1-score": 0.0,
      "support": 0.0
    },
    "3": {
      "precision": 0.0,
      "recall": 0.0,
      "f1-score": 0.0,
      "support": 0.0
    },
    "accuracy": 0.5178571428571429,
    "macro avg": {
      "precision": 0.2397736143637783,
      "recall": 0.23660714285714285,
      "f1-score": 0.23787860884635076,
      "support": 168.0
    },
    "weighted avg": {
      "precision": 0.5355711683580535,
      "recall": 0.5178571428571429,
      "f1-score": 0.5260808486614937,
      "support": 168.0
    }
  },
  "metrics": {
    "shared_balanced_acc": 0.4732142857142857,
    "fault_recall": 0.3392857142857143,
    "fault_precision": 0.3114754098360656,
    "private_pred_rate": 0.011904761904761904
  }
}