{
  "acc": 0.8275,
  "f1": 0.4137063138213721,
  "cm": [
    [
      170,
      30,
      0,
      0
    ],
    [
      39,
      161,
      0,
      0
    ],
    [
      0,
      0,
      0,
      0
    ],
    [
      0,
      0,
      0,
      0
    ]
  ],
  "report": {
    "0": {
      "precision": 0.8133971291866029,
      "recall": 0.85,
      "f1-score": 0.8312958435207825,
      "support": 200.0
    },
    "1": {
      "precision": 0.8429319371727748,
      "recall": 0.805,
      "f1-score": 0.8235294117647058,
      "support": 200.0
    },
    "2": {
      "precision": 0.0,
      "recall": 0.0,
      "f1-score": 0.0,
      "support": 0.0
    },
    "3": {
      "precision": 0.0,
      "recall": 0.0,
      "f1-score": 0.0,
      "support": 0.0
    },
    "accuracy": 0.8275,
    "macro avg": {
      "precision": 0.4140822665898444,
      "recall": 0.41375,
      "f1-score": 0.4137063138213721,
      "support": 400.0
    },
    "weighted avg": {
      "precision": 0.828164533179689,
      "recall": 0.8275,
      "f1-score": 0.8274126276427441,
      "support": 400.0
    }
  },
  "metrics": {
    "shared_balanced_acc": 0.8275,
    "fault_recall": 0.805,
    "fault_precision": 0.8429319371727748,
    "private_pred_rate": 0.0
  }
}