{
  "acc": 0.5773809523809523,
  "cm": [
    [
      97,
      0,
      15
    ],
    [
      46,
      0,
      10
    ],
    [
      0,
      0,
      0
    ]
  ],
  "report": {
    "0": {
      "precision": 0.6783216783216783,
      "recall": 0.8660714285714286,
      "f1-score": 0.7607843137254902,
      "support": 112.0
    },
    "1": {
      "precision": 0.0,
      "recall": 0.0,
      "f1-score": 0.0,
      "support": 56.0
    },
    "2": {
      "precision": 0.0,
      "recall": 0.0,
      "f1-score": 0.0,
      "support": 0.0
    },
    "accuracy": 0.5773809523809523,
    "macro avg": {
      "precision": 0.2261072261072261,
      "recall": 0.2886904761904762,
      "f1-score": 0.25359477124183005,
      "support": 168.0
    },
    "weighted avg": {
      "precision": 0.4522144522144522,
      "recall": 0.5773809523809523,
      "f1-score": 0.5071895424836601,
      "support": 168.0
    }
  }
}