{
  "acc": 0.41517857142857145,
  "cm": [
    [
      112,
      0,
      0,
      0
    ],
    [
      82,
      30,
      0,
      0
    ],
    [
      66,
      18,
      28,
      0
    ],
    [
      56,
      39,
      1,
      16
    ]
  ],
  "report": {
    "0": {
      "precision": 0.35443037974683544,
      "recall": 1.0,
      "f1-score": 0.5233644859813084,
      "support": 112.0
    },
    "1": {
      "precision": 0.3448275862068966,
      "recall": 0.26785714285714285,
      "f1-score": 0.3015075376884422,
      "support": 112.0
    },
    "2": {
      "precision": 0.9655172413793104,
      "recall": 0.25,
      "f1-score": 0.3971631205673759,
      "support": 112.0
    },
    "3": {
      "precision": 1.0,
      "recall": 0.14285714285714285,
      "f1-score": 0.25,
      "support": 112.0
    },
    "accuracy": 0.41517857142857145,
    "macro avg": {
      "precision": 0.6661938018332606,
      "recall": 0.4151785714285714,
      "f1-score": 0.3680087860592816,
      "support": 448.0
    },
    "weighted avg": {
      "precision": 0.6661938018332606,
      "recall": 0.41517857142857145,
      "f1-score": 0.3680087860592816,
      "support": 448.0
    }
  }
}