{
  "acc": 0.011904761904761904,
  "cm": [
    [
      1,
      20,
      91
    ],
    [
      0,
      1,
      55
    ],
    [
      0,
      0,
      0
    ]
  ],
  "report": {
    "0": {
      "precision": 1.0,
      "recall": 0.008928571428571428,
      "f1-score": 0.017699115044247787,
      "support": 112.0
    },
    "1": {
      "precision": 0.047619047619047616,
      "recall": 0.017857142857142856,
      "f1-score": 0.025974025974025976,
      "support": 56.0
    },
    "2": {
      "precision": 0.0,
      "recall": 0.0,
      "f1-score": 0.0,
      "support": 0.0
    },
    "accuracy": 0.011904761904761904,
    "macro avg": {
      "precision": 0.34920634920634924,
      "recall": 0.008928571428571428,
      "f1-score": 0.01455771367275792,
      "support": 168.0
    },
    "weighted avg": {
      "precision": 0.6825396825396826,
      "recall": 0.011904761904761904,
      "f1-score": 0.020457418687507185,
      "support": 168.0
    }
  }
}