{
  "acc": 0.25223214285714285,
  "cm": [
    [
      112,
      0,
      0,
      0
    ],
    [
      112,
      0,
      0,
      0
    ],
    [
      110,
      1,
      1,
      0
    ],
    [
      112,
      0,
      0,
      0
    ]
  ],
  "report": {
    "0": {
      "precision": 0.25112107623318386,
      "recall": 1.0,
      "f1-score": 0.4014336917562724,
      "support": 112.0
    },
    "1": {
      "precision": 0.0,
      "recall": 0.0,
      "f1-score": 0.0,
      "support": 112.0
    },
    "2": {
      "precision": 1.0,
      "recall": 0.008928571428571428,
      "f1-score": 0.017699115044247787,
      "support": 112.0
    },
    "3": {
      "precision": 0.0,
      "recall": 0.0,
      "f1-score": 0.0,
      "support": 112.0
    },
    "accuracy": 0.25223214285714285,
    "macro avg": {
      "precision": 0.312780269058296,
      "recall": 0.25223214285714285,
      "f1-score": 0.10478320170013006,
      "support": 448.0
    },
    "weighted avg": {
      "precision": 0.312780269058296,
      "recall": 0.25223214285714285,
      "f1-score": 0.10478320170013004,
      "support": 448.0
    }
  }
}