{
  "acc": 0.4683333333333333,
  "f1": 0.3628674867940069,
  "cm": [
    [
      318,
      282,
      0,
      0
    ],
    [
      2,
      198,
      0,
      0
    ],
    [
      2,
      151,
      45,
      2
    ],
    [
      0,
      199,
      0,
      1
    ]
  ],
  "report": {
    "0": {
      "precision": 0.9875776397515528,
      "recall": 0.53,
      "f1-score": 0.6898047722342733,
      "support": 600.0
    },
    "1": {
      "precision": 0.2385542168674699,
      "recall": 0.99,
      "f1-score": 0.3844660194174757,
      "support": 200.0
    },
    "2": {
      "precision": 1.0,
      "recall": 0.225,
      "f1-score": 0.3673469387755102,
      "support": 200.0
    },
    "3": {
      "precision": 0.3333333333333333,
      "recall": 0.005,
      "f1-score": 0.009852216748768473,
      "support": 200.0
    },
    "accuracy": 0.4683333333333333,
    "macro avg": {
      "precision": 0.639866297488089,
      "recall": 0.4375,
      "f1-score": 0.3628674867940069,
      "support": 1200.0
    },
    "weighted avg": {
      "precision": 0.7557700782425769,
      "recall": 0.4683333333333333,
      "f1-score": 0.47184658194076246,
      "support": 1200.0
    }
  },
  "metrics": {}
}