{
  "acc": 0.7475,
  "f1": 0.3714939150460268,
  "cm": [
    [
      176,
      24,
      0,
      0
    ],
    [
      77,
      123,
      0,
      0
    ],
    [
      0,
      0,
      0,
      0
    ],
    [
      0,
      0,
      0,
      0
    ]
  ],
  "report": {
    "0": {
      "precision": 0.6956521739130435,
      "recall": 0.88,
      "f1-score": 0.7770419426048565,
      "support": 200.0
    },
    "1": {
      "precision": 0.8367346938775511,
      "recall": 0.615,
      "f1-score": 0.7089337175792507,
      "support": 200.0
    },
    "2": {
      "precision": 0.0,
      "recall": 0.0,
      "f1-score": 0.0,
      "support": 0.0
    },
    "3": {
      "precision": 0.0,
      "recall": 0.0,
      "f1-score": 0.0,
      "support": 0.0
    },
    "accuracy": 0.7475,
    "macro avg": {
      "precision": 0.38309671694764863,
      "recall": 0.37375,
      "f1-score": 0.3714939150460268,
      "support": 400.0
    },
    "weighted avg": {
      "precision": 0.7661934338952971,
      "recall": 0.7475,
      "f1-score": 0.7429878300920535,
      "support": 400.0
    }
  },
  "metrics": {
    "shared_balanced_acc": 0.7475,
    "fault_recall": 0.615,
    "fault_precision": 0.8367346938775511,
    "private_pred_rate": 0.0
  }
}