{
  "acc": 0.30357142857142855,
  "cm": [
    [
      51,
      0,
      61
    ],
    [
      28,
      0,
      28
    ],
    [
      0,
      0,
      0
    ]
  ],
  "report": {
    "0": {
      "precision": 0.6455696202531646,
      "recall": 0.45535714285714285,
      "f1-score": 0.5340314136125655,
      "support": 112.0
    },
    "1": {
      "precision": 0.0,
      "recall": 0.0,
      "f1-score": 0.0,
      "support": 56.0
    },
    "2": {
      "precision": 0.0,
      "recall": 0.0,
      "f1-score": 0.0,
      "support": 0.0
    },
    "accuracy": 0.30357142857142855,
    "macro avg": {
      "precision": 0.21518987341772153,
      "recall": 0.15178571428571427,
      "f1-score": 0.17801047120418848,
      "support": 168.0
    },
    "weighted avg": {
      "precision": 0.43037974683544306,
      "recall": 0.30357142857142855,
      "f1-score": 0.356020942408377,
      "support": 168.0
    }
  }
}