{
  "acc": 0.39880952380952384,
  "cm": [
    [
      67,
      0,
      45
    ],
    [
      37,
      0,
      19
    ],
    [
      0,
      0,
      0
    ]
  ],
  "report": {
    "0": {
      "precision": 0.6442307692307693,
      "recall": 0.5982142857142857,
      "f1-score": 0.6203703703703703,
      "support": 112.0
    },
    "1": {
      "precision": 0.0,
      "recall": 0.0,
      "f1-score": 0.0,
      "support": 56.0
    },
    "2": {
      "precision": 0.0,
      "recall": 0.0,
      "f1-score": 0.0,
      "support": 0.0
    },
    "accuracy": 0.39880952380952384,
    "macro avg": {
      "precision": 0.21474358974358976,
      "recall": 0.1994047619047619,
      "f1-score": 0.20679012345679013,
      "support": 168.0
    },
    "weighted avg": {
      "precision": 0.4294871794871795,
      "recall": 0.39880952380952384,
      "f1-score": 0.41358024691358025,
      "support": 168.0
    }
  }
}