{
  "acc": 0.41294642857142855,
  "cm": [
    [
      112,
      0,
      0,
      0
    ],
    [
      79,
      33,
      0,
      0
    ],
    [
      64,
      20,
      28,
      0
    ],
    [
      56,
      42,
      2,
      12
    ]
  ],
  "report": {
    "0": {
      "precision": 0.36012861736334406,
      "recall": 1.0,
      "f1-score": 0.5295508274231678,
      "support": 112.0
    },
    "1": {
      "precision": 0.3473684210526316,
      "recall": 0.29464285714285715,
      "f1-score": 0.3188405797101449,
      "support": 112.0
    },
    "2": {
      "precision": 0.9333333333333333,
      "recall": 0.25,
      "f1-score": 0.39436619718309857,
      "support": 112.0
    },
    "3": {
      "precision": 1.0,
      "recall": 0.10714285714285714,
      "f1-score": 0.1935483870967742,
      "support": 112.0
    },
    "accuracy": 0.41294642857142855,
    "macro avg": {
      "precision": 0.6602075929373272,
      "recall": 0.4129464285714286,
      "f1-score": 0.3590764978532964,
      "support": 448.0
    },
    "weighted avg": {
      "precision": 0.6602075929373272,
      "recall": 0.41294642857142855,
      "f1-score": 0.3590764978532964,
      "support": 448.0
    }
  }
}