{
  "acc": 0.17261904761904762,
  "cm": [
    [
      0,
      2,
      110
    ],
    [
      0,
      29,
      27
    ],
    [
      0,
      0,
      0
    ]
  ],
  "report": {
    "0": {
      "precision": 0.0,
      "recall": 0.0,
      "f1-score": 0.0,
      "support": 112.0
    },
    "1": {
      "precision": 0.9354838709677419,
      "recall": 0.5178571428571429,
      "f1-score": 0.6666666666666666,
      "support": 56.0
    },
    "2": {
      "precision": 0.0,
      "recall": 0.0,
      "f1-score": 0.0,
      "support": 0.0
    },
    "accuracy": 0.17261904761904762,
    "macro avg": {
      "precision": 0.3118279569892473,
      "recall": 0.17261904761904764,
      "f1-score": 0.2222222222222222,
      "support": 168.0
    },
    "weighted avg": {
      "precision": 0.3118279569892473,
      "recall": 0.17261904761904764,
      "f1-score": 0.22222222222222218,
      "support": 168.0
    }
  }
}