{
  "acc": 0.5391666666666667,
  "f1": 0.24774365896838202,
  "cm": [
    [
      600,
      0,
      0,
      0
    ],
    [
      153,
      47,
      0,
      0
    ],
    [
      161,
      39,
      0,
      0
    ],
    [
      119,
      81,
      0,
      0
    ]
  ],
  "report": {
    "0": {
      "precision": 0.5808325266214908,
      "recall": 1.0,
      "f1-score": 0.7348438456827924,
      "support": 600.0
    },
    "1": {
      "precision": 0.281437125748503,
      "recall": 0.235,
      "f1-score": 0.2561307901907357,
      "support": 200.0
    },
    "2": {
      "precision": 0.0,
      "recall": 0.0,
      "f1-score": 0.0,
      "support": 200.0
    },
    "3": {
      "precision": 0.0,
      "recall": 0.0,
      "f1-score": 0.0,
      "support": 200.0
    },
    "accuracy": 0.5391666666666667,
    "macro avg": {
      "precision": 0.21556741309249844,
      "recall": 0.30874999999999997,
      "f1-score": 0.24774365896838202,
      "support": 1200.0
    },
    "weighted avg": {
      "precision": 0.3373224509354959,
      "recall": 0.5391666666666667,
      "f1-score": 0.4101103878731855,
      "support": 1200.0
    }
  },
  "metrics": {}
}