{
  "acc": 0.25,
  "cm": [
    [
      112,
      0,
      0,
      0
    ],
    [
      112,
      0,
      0,
      0
    ],
    [
      84,
      28,
      0,
      0
    ],
    [
      104,
      8,
      0,
      0
    ]
  ],
  "report": {
    "0": {
      "precision": 0.27184466019417475,
      "recall": 1.0,
      "f1-score": 0.42748091603053434,
      "support": 112.0
    },
    "1": {
      "precision": 0.0,
      "recall": 0.0,
      "f1-score": 0.0,
      "support": 112.0
    },
    "2": {
      "precision": 0.0,
      "recall": 0.0,
      "f1-score": 0.0,
      "support": 112.0
    },
    "3": {
      "precision": 0.0,
      "recall": 0.0,
      "f1-score": 0.0,
      "support": 112.0
    },
    "accuracy": 0.25,
    "macro avg": {
      "precision": 0.06796116504854369,
      "recall": 0.25,
      "f1-score": 0.10687022900763359,
      "support": 448.0
    },
    "weighted avg": {
      "precision": 0.06796116504854369,
      "recall": 0.25,
      "f1-score": 0.10687022900763359,
      "support": 448.0
    }
  }
}