{
  "acc": 0.9598214285714286,
  "cm": [
    [
      94,
      18
    ],
    [
      0,
      336
    ]
  ],
  "report": {
    "0": {
      "precision": 1.0,
      "recall": 0.8392857142857143,
      "f1-score": 0.912621359223301,
      "support": 112.0
    },
    "1": {
      "precision": 0.9491525423728814,
      "recall": 1.0,
      "f1-score": 0.9739130434782609,
      "support": 336.0
    },
    "accuracy": 0.9598214285714286,
    "macro avg": {
      "precision": 0.9745762711864407,
      "recall": 0.9196428571428572,
      "f1-score": 0.943267201350781,
      "support": 448.0
    },
    "weighted avg": {
      "precision": 0.961864406779661,
      "recall": 0.9598214285714286,
      "f1-score": 0.9585901224145209,
      "support": 448.0
    }
  }
}