{
  "acc": 0.7133333333333334,
  "f1": 0.551592192367088,
  "cm": [
    [
      594,
      6,
      0,
      0
    ],
    [
      25,
      174,
      0,
      1
    ],
    [
      37,
      115,
      47,
      1
    ],
    [
      61,
      97,
      1,
      41
    ]
  ],
  "report": {
    "0": {
      "precision": 0.8284518828451883,
      "recall": 0.99,
      "f1-score": 0.9020501138952164,
      "support": 600.0
    },
    "1": {
      "precision": 0.44387755102040816,
      "recall": 0.87,
      "f1-score": 0.5878378378378378,
      "support": 200.0
    },
    "2": {
      "precision": 0.9791666666666666,
      "recall": 0.235,
      "f1-score": 0.3790322580645161,
      "support": 200.0
    },
    "3": {
      "precision": 0.9534883720930233,
      "recall": 0.205,
      "f1-score": 0.3374485596707819,
      "support": 200.0
    },
    "accuracy": 0.7133333333333334,
    "macro avg": {
      "precision": 0.8012461181563215,
      "recall": 0.575,
      "f1-score": 0.551592192367088,
      "support": 1200.0
    },
    "weighted avg": {
      "precision": 0.8103147063859438,
      "recall": 0.7133333333333334,
      "f1-score": 0.6684114995431308,
      "support": 1200.0
    }
  },
  "metrics": {}
}