{
  "acc": 0.75,
  "cm": [
    [
      0,
      112
    ],
    [
      0,
      336
    ]
  ],
  "report": {
    "0": {
      "precision": 0.0,
      "recall": 0.0,
      "f1-score": 0.0,
      "support": 112.0
    },
    "1": {
      "precision": 0.75,
      "recall": 1.0,
      "f1-score": 0.8571428571428571,
      "support": 336.0
    },
    "accuracy": 0.75,
    "macro avg": {
      "precision": 0.375,
      "recall": 0.5,
      "f1-score": 0.42857142857142855,
      "support": 448.0
    },
    "weighted avg": {
      "precision": 0.5625,
      "recall": 0.75,
      "f1-score": 0.6428571428571429,
      "support": 448.0
    }
  }
}