{
  "acc": 0.565,
  "f1": 0.33403152505186734,
  "cm": [
    [
      600,
      0,
      0,
      0
    ],
    [
      171,
      29,
      0,
      0
    ],
    [
      149,
      4,
      47,
      0
    ],
    [
      180,
      16,
      2,
      2
    ]
  ],
  "report": {
    "0": {
      "precision": 0.5454545454545454,
      "recall": 1.0,
      "f1-score": 0.7058823529411765,
      "support": 600.0
    },
    "1": {
      "precision": 0.5918367346938775,
      "recall": 0.145,
      "f1-score": 0.23293172690763053,
      "support": 200.0
    },
    "2": {
      "precision": 0.9591836734693877,
      "recall": 0.235,
      "f1-score": 0.37751004016064255,
      "support": 200.0
    },
    "3": {
      "precision": 1.0,
      "recall": 0.01,
      "f1-score": 0.019801980198019802,
      "support": 200.0
    },
    "accuracy": 0.565,
    "macro avg": {
      "precision": 0.7741187384044527,
      "recall": 0.3475,
      "f1-score": 0.33403152505186734,
      "support": 1200.0
    },
    "weighted avg": {
      "precision": 0.6978973407544835,
      "recall": 0.565,
      "f1-score": 0.45798180101497044,
      "support": 1200.0
    }
  },
  "metrics": {}
}