{
  "acc": 0.4419642857142857,
  "f1": 0.4197229186055129,
  "cm": [
    [
      27,
      85,
      0,
      0
    ],
    [
      0,
      112,
      0,
      0
    ],
    [
      6,
      78,
      26,
      2
    ],
    [
      0,
      79,
      0,
      33
    ]
  ],
  "report": {
    "0": {
      "precision": 0.8181818181818182,
      "recall": 0.24107142857142858,
      "f1-score": 0.3724137931034483,
      "support": 112.0
    },
    "1": {
      "precision": 0.3163841807909605,
      "recall": 1.0,
      "f1-score": 0.48068669527896996,
      "support": 112.0
    },
    "2": {
      "precision": 1.0,
      "recall": 0.23214285714285715,
      "f1-score": 0.37681159420289856,
      "support": 112.0
    },
    "3": {
      "precision": 0.9428571428571428,
      "recall": 0.29464285714285715,
      "f1-score": 0.4489795918367347,
      "support": 112.0
    },
    "accuracy": 0.4419642857142857,
    "macro avg": {
      "precision": 0.7693557854574804,
      "recall": 0.44196428571428575,
      "f1-score": 0.4197229186055129,
      "support": 448.0
    },
    "weighted avg": {
      "precision": 0.7693557854574803,
      "recall": 0.4419642857142857,
      "f1-score": 0.4197229186055128,
      "support": 448.0
    }
  },
  "metrics": {}
}