{
  "acc": 0.421875,
  "cm": [
    [
      105,
      0,
      7,
      0
    ],
    [
      78,
      0,
      34,
      0
    ],
    [
      29,
      0,
      83,
      0
    ],
    [
      1,
      0,
      110,
      1
    ]
  ],
  "report": {
    "0": {
      "precision": 0.49295774647887325,
      "recall": 0.9375,
      "f1-score": 0.6461538461538462,
      "support": 112.0
    },
    "1": {
      "precision": 0.0,
      "recall": 0.0,
      "f1-score": 0.0,
      "support": 112.0
    },
    "2": {
      "precision": 0.3547008547008547,
      "recall": 0.7410714285714286,
      "f1-score": 0.4797687861271676,
      "support": 112.0
    },
    "3": {
      "precision": 1.0,
      "recall": 0.008928571428571428,
      "f1-score": 0.017699115044247787,
      "support": 112.0
    },
    "accuracy": 0.421875,
    "macro avg": {
      "precision": 0.461914650294932,
      "recall": 0.421875,
      "f1-score": 0.2859054368313154,
      "support": 448.0
    },
    "weighted avg": {
      "precision": 0.46191465029493195,
      "recall": 0.421875,
      "f1-score": 0.28590543683131536,
      "support": 448.0
    }
  }
}