{
  "acc": 0.38839285714285715,
  "cm": [
    [
      112,
      0,
      0,
      0
    ],
    [
      83,
      29,
      0,
      0
    ],
    [
      69,
      15,
      28,
      0
    ],
    [
      57,
      40,
      10,
      5
    ]
  ],
  "report": {
    "0": {
      "precision": 0.34890965732087226,
      "recall": 1.0,
      "f1-score": 0.5173210161662818,
      "support": 112.0
    },
    "1": {
      "precision": 0.34523809523809523,
      "recall": 0.25892857142857145,
      "f1-score": 0.29591836734693877,
      "support": 112.0
    },
    "2": {
      "precision": 0.7368421052631579,
      "recall": 0.25,
      "f1-score": 0.37333333333333335,
      "support": 112.0
    },
    "3": {
      "precision": 1.0,
      "recall": 0.044642857142857144,
      "f1-score": 0.08547008547008547,
      "support": 112.0
    },
    "accuracy": 0.38839285714285715,
    "macro avg": {
      "precision": 0.6077474644555313,
      "recall": 0.38839285714285715,
      "f1-score": 0.3180107005791598,
      "support": 448.0
    },
    "weighted avg": {
      "precision": 0.6077474644555314,
      "recall": 0.38839285714285715,
      "f1-score": 0.3180107005791598,
      "support": 448.0
    }
  }
}