{
  "acc": 0.635,
  "f1": 0.45689884280310133,
  "cm": [
    [
      513,
      87,
      0,
      0
    ],
    [
      10,
      190,
      0,
      0
    ],
    [
      41,
      109,
      50,
      0
    ],
    [
      26,
      125,
      40,
      9
    ]
  ],
  "report": {
    "0": {
      "precision": 0.8694915254237288,
      "recall": 0.855,
      "f1-score": 0.8621848739495799,
      "support": 600.0
    },
    "1": {
      "precision": 0.37181996086105673,
      "recall": 0.95,
      "f1-score": 0.5344585091420534,
      "support": 200.0
    },
    "2": {
      "precision": 0.5555555555555556,
      "recall": 0.25,
      "f1-score": 0.3448275862068966,
      "support": 200.0
    },
    "3": {
      "precision": 1.0,
      "recall": 0.045,
      "f1-score": 0.0861244019138756,
      "support": 200.0
    },
    "accuracy": 0.635,
    "macro avg": {
      "precision": 0.6992167604600852,
      "recall": 0.5249999999999999,
      "f1-score": 0.45689884280310133,
      "support": 1200.0
    },
    "weighted avg": {
      "precision": 0.7559750154479663,
      "recall": 0.635,
      "f1-score": 0.5919941865185941,
      "support": 1200.0
    }
  },
  "metrics": {}
}