{
  "acc": 0.52,
  "f1": 0.3873177378943601,
  "cm": [
    [
      378,
      222,
      0,
      0
    ],
    [
      0,
      200,
      0,
      0
    ],
    [
      20,
      134,
      46,
      0
    ],
    [
      2,
      198,
      0,
      0
    ]
  ],
  "report": {
    "0": {
      "precision": 0.945,
      "recall": 0.63,
      "f1-score": 0.756,
      "support": 600.0
    },
    "1": {
      "precision": 0.26525198938992045,
      "recall": 1.0,
      "f1-score": 0.4192872117400419,
      "support": 200.0
    },
    "2": {
      "precision": 1.0,
      "recall": 0.23,
      "f1-score": 0.37398373983739835,
      "support": 200.0
    },
    "3": {
      "precision": 0.0,
      "recall": 0.0,
      "f1-score": 0.0,
      "support": 200.0
    },
    "accuracy": 0.52,
    "macro avg": {
      "precision": 0.5525629973474802,
      "recall": 0.46499999999999997,
      "f1-score": 0.3873177378943601,
      "support": 1200.0
    },
    "weighted avg": {
      "precision": 0.6833753315649868,
      "recall": 0.52,
      "f1-score": 0.5102118252629066,
      "support": 1200.0
    }
  },
  "metrics": {}
}