{
  "acc": 0.39732142857142855,
  "cm": [
    [
      112,
      0,
      0,
      0
    ],
    [
      84,
      28,
      0,
      0
    ],
    [
      69,
      15,
      28,
      0
    ],
    [
      58,
      30,
      14,
      10
    ]
  ],
  "report": {
    "0": {
      "precision": 0.34674922600619196,
      "recall": 1.0,
      "f1-score": 0.5149425287356322,
      "support": 112.0
    },
    "1": {
      "precision": 0.3835616438356164,
      "recall": 0.25,
      "f1-score": 0.3027027027027027,
      "support": 112.0
    },
    "2": {
      "precision": 0.6666666666666666,
      "recall": 0.25,
      "f1-score": 0.36363636363636365,
      "support": 112.0
    },
    "3": {
      "precision": 1.0,
      "recall": 0.08928571428571429,
      "f1-score": 0.16393442622950818,
      "support": 112.0
    },
    "accuracy": 0.39732142857142855,
    "macro avg": {
      "precision": 0.5992443841271188,
      "recall": 0.39732142857142855,
      "f1-score": 0.3363040053260517,
      "support": 448.0
    },
    "weighted avg": {
      "precision": 0.5992443841271188,
      "recall": 0.39732142857142855,
      "f1-score": 0.3363040053260517,
      "support": 448.0
    }
  }
}