{
  "acc": 0.5233333333333333,
  "f1": 0.3855870145034873,
  "cm": [
    [
      387,
      213,
      0,
      0
    ],
    [
      6,
      194,
      0,
      0
    ],
    [
      62,
      88,
      47,
      3
    ],
    [
      31,
      169,
      0,
      0
    ]
  ],
  "report": {
    "0": {
      "precision": 0.7962962962962963,
      "recall": 0.645,
      "f1-score": 0.712707182320442,
      "support": 600.0
    },
    "1": {
      "precision": 0.2921686746987952,
      "recall": 0.97,
      "f1-score": 0.44907407407407407,
      "support": 200.0
    },
    "2": {
      "precision": 1.0,
      "recall": 0.235,
      "f1-score": 0.3805668016194332,
      "support": 200.0
    },
    "3": {
      "precision": 0.0,
      "recall": 0.0,
      "f1-score": 0.0,
      "support": 200.0
    },
    "accuracy": 0.5233333333333333,
    "macro avg": {
      "precision": 0.5221162427487729,
      "recall": 0.4625,
      "f1-score": 0.3855870145034873,
      "support": 1200.0
    },
    "weighted avg": {
      "precision": 0.6135095939312807,
      "recall": 0.5233333333333333,
      "f1-score": 0.4946270704424722,
      "support": 1200.0
    }
  },
  "metrics": {}
}