{
  "acc": 0.9125,
  "f1": 0.4559501859531436,
  "cm": [
    [
      199,
      1,
      0,
      0
    ],
    [
      34,
      166,
      0,
      0
    ],
    [
      0,
      0,
      0,
      0
    ],
    [
      0,
      0,
      0,
      0
    ]
  ],
  "report": {
    "0": {
      "precision": 0.8540772532188842,
      "recall": 0.995,
      "f1-score": 0.9191685912240185,
      "support": 200.0
    },
    "1": {
      "precision": 0.9940119760479041,
      "recall": 0.83,
      "f1-score": 0.9046321525885559,
      "support": 200.0
    },
    "2": {
      "precision": 0.0,
      "recall": 0.0,
      "f1-score": 0.0,
      "support": 0.0
    },
    "3": {
      "precision": 0.0,
      "recall": 0.0,
      "f1-score": 0.0,
      "support": 0.0
    },
    "accuracy": 0.9125,
    "macro avg": {
      "precision": 0.4620223073166971,
      "recall": 0.45625,
      "f1-score": 0.4559501859531436,
      "support": 400.0
    },
    "weighted avg": {
      "precision": 0.9240446146333942,
      "recall": 0.9125,
      "f1-score": 0.9119003719062871,
      "support": 400.0
    }
  },
  "metrics": {
    "shared_balanced_acc": 0.9125,
    "fault_recall": 0.83,
    "fault_precision": 0.9940119760479041,
    "private_pred_rate": 0.0
  }
}