{
  "acc": 0.4107142857142857,
  "cm": [
    [
      112,
      0,
      0,
      0
    ],
    [
      81,
      31,
      0,
      0
    ],
    [
      64,
      20,
      28,
      0
    ],
    [
      56,
      42,
      1,
      13
    ]
  ],
  "report": {
    "0": {
      "precision": 0.35782747603833864,
      "recall": 1.0,
      "f1-score": 0.5270588235294118,
      "support": 112.0
    },
    "1": {
      "precision": 0.3333333333333333,
      "recall": 0.2767857142857143,
      "f1-score": 0.3024390243902439,
      "support": 112.0
    },
    "2": {
      "precision": 0.9655172413793104,
      "recall": 0.25,
      "f1-score": 0.3971631205673759,
      "support": 112.0
    },
    "3": {
      "precision": 1.0,
      "recall": 0.11607142857142858,
      "f1-score": 0.208,
      "support": 112.0
    },
    "accuracy": 0.4107142857142857,
    "macro avg": {
      "precision": 0.6641695126877456,
      "recall": 0.41071428571428575,
      "f1-score": 0.35866524212175793,
      "support": 448.0
    },
    "weighted avg": {
      "precision": 0.6641695126877456,
      "recall": 0.4107142857142857,
      "f1-score": 0.3586652421217579,
      "support": 448.0
    }
  }
}