{
  "acc": 0.16666666666666666,
  "cm": [
    [
      0,
      0,
      112
    ],
    [
      0,
      28,
      28
    ],
    [
      0,
      0,
      0
    ]
  ],
  "report": {
    "0": {
      "precision": 0.0,
      "recall": 0.0,
      "f1-score": 0.0,
      "support": 112.0
    },
    "1": {
      "precision": 1.0,
      "recall": 0.5,
      "f1-score": 0.6666666666666666,
      "support": 56.0
    },
    "2": {
      "precision": 0.0,
      "recall": 0.0,
      "f1-score": 0.0,
      "support": 0.0
    },
    "accuracy": 0.16666666666666666,
    "macro avg": {
      "precision": 0.3333333333333333,
      "recall": 0.16666666666666666,
      "f1-score": 0.2222222222222222,
      "support": 168.0
    },
    "weighted avg": {
      "precision": 0.3333333333333333,
      "recall": 0.16666666666666666,
      "f1-score": 0.22222222222222218,
      "support": 168.0
    }
  }
}