{
  "acc": 0.011904761904761904,
  "f1": 0.008771929824561403,
  "cm": [
    [
      2,
      0,
      110,
      0
    ],
    [
      0,
      0,
      56,
      0
    ],
    [
      0,
      0,
      0,
      0
    ],
    [
      0,
      0,
      0,
      0
    ]
  ],
  "report": {
    "0": {
      "precision": 1.0,
      "recall": 0.017857142857142856,
      "f1-score": 0.03508771929824561,
      "support": 112.0
    },
    "1": {
      "precision": 0.0,
      "recall": 0.0,
      "f1-score": 0.0,
      "support": 56.0
    },
    "2": {
      "precision": 0.0,
      "recall": 0.0,
      "f1-score": 0.0,
      "support": 0.0
    },
    "3": {
      "precision": 0.0,
      "recall": 0.0,
      "f1-score": 0.0,
      "support": 0.0
    },
    "accuracy": 0.011904761904761904,
    "macro avg": {
      "precision": 0.25,
      "recall": 0.004464285714285714,
      "f1-score": 0.008771929824561403,
      "support": 168.0
    },
    "weighted avg": {
      "precision": 0.6666666666666666,
      "recall": 0.011904761904761904,
      "f1-score": 0.023391812865497075,
      "support": 168.0
    }
  },
  "metrics": {
    "shared_balanced_acc": 0.008928571428571428,
    "fault_recall": 0.0,
    "fault_precision": 0.0,
    "private_pred_rate": 0.9880952380952381
  }
}