{
  "acc": 0.6716666666666666,
  "f1": 0.4642171530298641,
  "cm": [
    [
      585,
      15,
      0,
      0
    ],
    [
      33,
      167,
      0,
      0
    ],
    [
      27,
      124,
      49,
      0
    ],
    [
      19,
      175,
      1,
      5
    ]
  ],
  "report": {
    "0": {
      "precision": 0.8810240963855421,
      "recall": 0.975,
      "f1-score": 0.9256329113924051,
      "support": 600.0
    },
    "1": {
      "precision": 0.3471933471933472,
      "recall": 0.835,
      "f1-score": 0.49045521292217326,
      "support": 200.0
    },
    "2": {
      "precision": 0.98,
      "recall": 0.245,
      "f1-score": 0.392,
      "support": 200.0
    },
    "3": {
      "precision": 1.0,
      "recall": 0.025,
      "f1-score": 0.04878048780487805,
      "support": 200.0
    },
    "accuracy": 0.6716666666666666,
    "macro avg": {
      "precision": 0.8020543608947224,
      "recall": 0.52,
      "f1-score": 0.4642171530298641,
      "support": 1200.0
    },
    "weighted avg": {
      "precision": 0.8283776060583289,
      "recall": 0.6716666666666666,
      "f1-score": 0.6180224058173777,
      "support": 1200.0
    }
  },
  "metrics": {}
}