{
  "acc": 0.665,
  "f1": 0.33189482135688475,
  "cm": [
    [
      145,
      55,
      0,
      0
    ],
    [
      79,
      121,
      0,
      0
    ],
    [
      0,
      0,
      0,
      0
    ],
    [
      0,
      0,
      0,
      0
    ]
  ],
  "report": {
    "0": {
      "precision": 0.6473214285714286,
      "recall": 0.725,
      "f1-score": 0.6839622641509434,
      "support": 200.0
    },
    "1": {
      "precision": 0.6875,
      "recall": 0.605,
      "f1-score": 0.6436170212765957,
      "support": 200.0
    },
    "2": {
      "precision": 0.0,
      "recall": 0.0,
      "f1-score": 0.0,
      "support": 0.0
    },
    "3": {
      "precision": 0.0,
      "recall": 0.0,
      "f1-score": 0.0,
      "support": 0.0
    },
    "accuracy": 0.665,
    "macro avg": {
      "precision": 0.33370535714285715,
      "recall": 0.3325,
      "f1-score": 0.33189482135688475,
      "support": 400.0
    },
    "weighted avg": {
      "precision": 0.6674107142857143,
      "recall": 0.665,
      "f1-score": 0.6637896427137696,
      "support": 400.0
    }
  },
  "metrics": {
    "shared_balanced_acc": 0.665,
    "fault_recall": 0.605,
    "fault_precision": 0.6875,
    "private_pred_rate": 0.0
  }
}