{
  "acc": 0.6433333333333333,
  "f1": 0.512685200150854,
  "cm": [
    [
      600,
      0,
      0,
      0
    ],
    [
      130,
      70,
      0,
      0
    ],
    [
      143,
      0,
      52,
      5
    ],
    [
      141,
      6,
      3,
      50
    ]
  ],
  "report": {
    "0": {
      "precision": 0.591715976331361,
      "recall": 1.0,
      "f1-score": 0.7434944237918215,
      "support": 600.0
    },
    "1": {
      "precision": 0.9210526315789473,
      "recall": 0.35,
      "f1-score": 0.5072463768115942,
      "support": 200.0
    },
    "2": {
      "precision": 0.9454545454545454,
      "recall": 0.26,
      "f1-score": 0.40784313725490196,
      "support": 200.0
    },
    "3": {
      "precision": 0.9090909090909091,
      "recall": 0.25,
      "f1-score": 0.39215686274509803,
      "support": 200.0
    },
    "accuracy": 0.6433333333333333,
    "macro avg": {
      "precision": 0.8418285156139407,
      "recall": 0.465,
      "f1-score": 0.512685200150854,
      "support": 1200.0
    },
    "weighted avg": {
      "precision": 0.7584576691864142,
      "recall": 0.6433333333333333,
      "f1-score": 0.5896216080311765,
      "support": 1200.0
    }
  },
  "metrics": {}
}