{
  "acc": 0.43526785714285715,
  "cm": [
    [
      112,
      0,
      0,
      0
    ],
    [
      83,
      29,
      0,
      0
    ],
    [
      66,
      18,
      28,
      0
    ],
    [
      56,
      25,
      5,
      26
    ]
  ],
  "report": {
    "0": {
      "precision": 0.35331230283911674,
      "recall": 1.0,
      "f1-score": 0.5221445221445221,
      "support": 112.0
    },
    "1": {
      "precision": 0.4027777777777778,
      "recall": 0.25892857142857145,
      "f1-score": 0.31521739130434784,
      "support": 112.0
    },
    "2": {
      "precision": 0.8484848484848485,
      "recall": 0.25,
      "f1-score": 0.38620689655172413,
      "support": 112.0
    },
    "3": {
      "precision": 1.0,
      "recall": 0.23214285714285715,
      "f1-score": 0.37681159420289856,
      "support": 112.0
    },
    "accuracy": 0.43526785714285715,
    "macro avg": {
      "precision": 0.6511437322754358,
      "recall": 0.43526785714285715,
      "f1-score": 0.4000951010508731,
      "support": 448.0
    },
    "weighted avg": {
      "precision": 0.6511437322754359,
      "recall": 0.43526785714285715,
      "f1-score": 0.40009510105087315,
      "support": 448.0
    }
  }
}