{
  "acc": 0.5357142857142857,
  "cm": [
    [
      112,
      0
    ],
    [
      208,
      128
    ]
  ],
  "report": {
    "0": {
      "precision": 0.35,
      "recall": 1.0,
      "f1-score": 0.5185185185185185,
      "support": 112.0
    },
    "1": {
      "precision": 1.0,
      "recall": 0.38095238095238093,
      "f1-score": 0.5517241379310345,
      "support": 336.0
    },
    "accuracy": 0.5357142857142857,
    "macro avg": {
      "precision": 0.675,
      "recall": 0.6904761904761905,
      "f1-score": 0.5351213282247764,
      "support": 448.0
    },
    "weighted avg": {
      "precision": 0.8375,
      "recall": 0.5357142857142857,
      "f1-score": 0.5434227330779055,
      "support": 448.0
    }
  }
}