{
  "acc": 0.6041666666666666,
  "f1": 0.4344924938649036,
  "cm": [
    [
      600,
      0,
      0,
      0
    ],
    [
      161,
      39,
      0,
      0
    ],
    [
      146,
      6,
      48,
      0
    ],
    [
      155,
      7,
      0,
      38
    ]
  ],
  "report": {
    "0": {
      "precision": 0.5649717514124294,
      "recall": 1.0,
      "f1-score": 0.7220216606498195,
      "support": 600.0
    },
    "1": {
      "precision": 0.75,
      "recall": 0.195,
      "f1-score": 0.30952380952380953,
      "support": 200.0
    },
    "2": {
      "precision": 1.0,
      "recall": 0.24,
      "f1-score": 0.3870967741935484,
      "support": 200.0
    },
    "3": {
      "precision": 1.0,
      "recall": 0.19,
      "f1-score": 0.31932773109243695,
      "support": 200.0
    },
    "accuracy": 0.6041666666666666,
    "macro avg": {
      "precision": 0.8287429378531074,
      "recall": 0.40625,
      "f1-score": 0.4344924938649036,
      "support": 1200.0
    },
    "weighted avg": {
      "precision": 0.740819209039548,
      "recall": 0.6041666666666666,
      "f1-score": 0.5303355494598755,
      "support": 1200.0
    }
  },
  "metrics": {}
}