{
  "acc": 0.5808333333333333,
  "f1": 0.3813275107398971,
  "cm": [
    [
      600,
      0,
      0,
      0
    ],
    [
      174,
      26,
      0,
      0
    ],
    [
      150,
      1,
      49,
      0
    ],
    [
      177,
      1,
      0,
      22
    ]
  ],
  "report": {
    "0": {
      "precision": 0.5449591280653951,
      "recall": 1.0,
      "f1-score": 0.7054673721340388,
      "support": 600.0
    },
    "1": {
      "precision": 0.9285714285714286,
      "recall": 0.13,
      "f1-score": 0.22807017543859648,
      "support": 200.0
    },
    "2": {
      "precision": 1.0,
      "recall": 0.245,
      "f1-score": 0.39357429718875503,
      "support": 200.0
    },
    "3": {
      "precision": 1.0,
      "recall": 0.11,
      "f1-score": 0.1981981981981982,
      "support": 200.0
    },
    "accuracy": 0.5808333333333333,
    "macro avg": {
      "precision": 0.868382639159206,
      "recall": 0.37125,
      "f1-score": 0.3813275107398971,
      "support": 1200.0
    },
    "weighted avg": {
      "precision": 0.7605748021279356,
      "recall": 0.5808333333333333,
      "f1-score": 0.489374131204611,
      "support": 1200.0
    }
  },
  "metrics": {}
}