{
  "acc": 0.45982142857142855,
  "f1": 0.4351107366141008,
  "cm": [
    [
      85,
      27,
      0,
      0
    ],
    [
      36,
      68,
      0,
      8
    ],
    [
      54,
      30,
      28,
      0
    ],
    [
      41,
      43,
      3,
      25
    ]
  ],
  "report": {
    "0": {
      "precision": 0.39351851851851855,
      "recall": 0.7589285714285714,
      "f1-score": 0.5182926829268293,
      "support": 112.0
    },
    "1": {
      "precision": 0.40476190476190477,
      "recall": 0.6071428571428571,
      "f1-score": 0.4857142857142857,
      "support": 112.0
    },
    "2": {
      "precision": 0.9032258064516129,
      "recall": 0.25,
      "f1-score": 0.3916083916083916,
      "support": 112.0
    },
    "3": {
      "precision": 0.7575757575757576,
      "recall": 0.22321428571428573,
      "f1-score": 0.3448275862068966,
      "support": 112.0
    },
    "accuracy": 0.45982142857142855,
    "macro avg": {
      "precision": 0.6147704968269485,
      "recall": 0.45982142857142855,
      "f1-score": 0.4351107366141008,
      "support": 448.0
    },
    "weighted avg": {
      "precision": 0.6147704968269484,
      "recall": 0.45982142857142855,
      "f1-score": 0.43511073661410077,
      "support": 448.0
    }
  },
  "metrics": {}
}