{
  "acc": 0.6696428571428571,
  "f1": 0.6554983269224756,
  "cm": [
    [
      109,
      3,
      0,
      0
    ],
    [
      24,
      84,
      0,
      4
    ],
    [
      45,
      18,
      37,
      12
    ],
    [
      33,
      8,
      1,
      70
    ]
  ],
  "report": {
    "0": {
      "precision": 0.5165876777251185,
      "recall": 0.9732142857142857,
      "f1-score": 0.6749226006191951,
      "support": 112.0
    },
    "1": {
      "precision": 0.7433628318584071,
      "recall": 0.75,
      "f1-score": 0.7466666666666667,
      "support": 112.0
    },
    "2": {
      "precision": 0.9736842105263158,
      "recall": 0.33035714285714285,
      "f1-score": 0.49333333333333335,
      "support": 112.0
    },
    "3": {
      "precision": 0.813953488372093,
      "recall": 0.625,
      "f1-score": 0.7070707070707071,
      "support": 112.0
    },
    "accuracy": 0.6696428571428571,
    "macro avg": {
      "precision": 0.7618970521204836,
      "recall": 0.6696428571428571,
      "f1-score": 0.6554983269224756,
      "support": 448.0
    },
    "weighted avg": {
      "precision": 0.7618970521204835,
      "recall": 0.6696428571428571,
      "f1-score": 0.6554983269224756,
      "support": 448.0
    }
  },
  "metrics": {}
}