{
  "acc": 0.3333333333333333,
  "cm": [
    [
      56,
      0,
      56
    ],
    [
      28,
      0,
      28
    ],
    [
      0,
      0,
      0
    ]
  ],
  "report": {
    "0": {
      "precision": 0.6666666666666666,
      "recall": 0.5,
      "f1-score": 0.5714285714285714,
      "support": 112.0
    },
    "1": {
      "precision": 0.0,
      "recall": 0.0,
      "f1-score": 0.0,
      "support": 56.0
    },
    "2": {
      "precision": 0.0,
      "recall": 0.0,
      "f1-score": 0.0,
      "support": 0.0
    },
    "accuracy": 0.3333333333333333,
    "macro avg": {
      "precision": 0.2222222222222222,
      "recall": 0.16666666666666666,
      "f1-score": 0.19047619047619047,
      "support": 168.0
    },
    "weighted avg": {
      "precision": 0.44444444444444436,
      "recall": 0.3333333333333333,
      "f1-score": 0.38095238095238093,
      "support": 168.0
    }
  }
}