{
  "acc": 0.43526785714285715,
  "cm": [
    [
      112,
      0,
      0,
      0
    ],
    [
      84,
      0,
      0,
      28
    ],
    [
      69,
      0,
      28,
      15
    ],
    [
      56,
      0,
      1,
      55
    ]
  ],
  "report": {
    "0": {
      "precision": 0.34890965732087226,
      "recall": 1.0,
      "f1-score": 0.5173210161662818,
      "support": 112.0
    },
    "1": {
      "precision": 0.0,
      "recall": 0.0,
      "f1-score": 0.0,
      "support": 112.0
    },
    "2": {
      "precision": 0.9655172413793104,
      "recall": 0.25,
      "f1-score": 0.3971631205673759,
      "support": 112.0
    },
    "3": {
      "precision": 0.5612244897959183,
      "recall": 0.49107142857142855,
      "f1-score": 0.5238095238095238,
      "support": 112.0
    },
    "accuracy": 0.43526785714285715,
    "macro avg": {
      "precision": 0.46891284712402526,
      "recall": 0.43526785714285715,
      "f1-score": 0.3595734151357954,
      "support": 448.0
    },
    "weighted avg": {
      "precision": 0.46891284712402526,
      "recall": 0.43526785714285715,
      "f1-score": 0.3595734151357953,
      "support": 448.0
    }
  }
}