{
  "acc": 0.4525,
  "f1": 0.3558749577122477,
  "cm": [
    [
      297,
      303,
      0,
      0
    ],
    [
      0,
      200,
      0,
      0
    ],
    [
      0,
      147,
      44,
      9
    ],
    [
      0,
      198,
      0,
      2
    ]
  ],
  "report": {
    "0": {
      "precision": 1.0,
      "recall": 0.495,
      "f1-score": 0.6622073578595318,
      "support": 600.0
    },
    "1": {
      "precision": 0.2358490566037736,
      "recall": 1.0,
      "f1-score": 0.3816793893129771,
      "support": 200.0
    },
    "2": {
      "precision": 1.0,
      "recall": 0.22,
      "f1-score": 0.36065573770491804,
      "support": 200.0
    },
    "3": {
      "precision": 0.18181818181818182,
      "recall": 0.01,
      "f1-score": 0.018957345971563982,
      "support": 200.0
    },
    "accuracy": 0.4525,
    "macro avg": {
      "precision": 0.6044168096054888,
      "recall": 0.43125,
      "f1-score": 0.3558749577122477,
      "support": 1200.0
    },
    "weighted avg": {
      "precision": 0.7362778730703259,
      "recall": 0.4525,
      "f1-score": 0.4579857577613424,
      "support": 1200.0
    }
  },
  "metrics": {}
}