{
  "acc": 0.9642857142857143,
  "cm": [
    [
      96,
      16
    ],
    [
      0,
      336
    ]
  ],
  "report": {
    "0": {
      "precision": 1.0,
      "recall": 0.8571428571428571,
      "f1-score": 0.9230769230769231,
      "support": 112.0
    },
    "1": {
      "precision": 0.9545454545454546,
      "recall": 1.0,
      "f1-score": 0.9767441860465116,
      "support": 336.0
    },
    "accuracy": 0.9642857142857143,
    "macro avg": {
      "precision": 0.9772727272727273,
      "recall": 0.9285714285714286,
      "f1-score": 0.9499105545617174,
      "support": 448.0
    },
    "weighted avg": {
      "precision": 0.9659090909090909,
      "recall": 0.9642857142857143,
      "f1-score": 0.9633273703041143,
      "support": 448.0
    }
  }
}