{
  "acc": 0.8975,
  "f1": 0.44968446187958383,
  "cm": [
    [
      194,
      4,
      0,
      2
    ],
    [
      35,
      165,
      0,
      0
    ],
    [
      0,
      0,
      0,
      0
    ],
    [
      0,
      0,
      0,
      0
    ]
  ],
  "report": {
    "0": {
      "precision": 0.8471615720524017,
      "recall": 0.97,
      "f1-score": 0.9044289044289044,
      "support": 200.0
    },
    "1": {
      "precision": 0.9763313609467456,
      "recall": 0.825,
      "f1-score": 0.8943089430894309,
      "support": 200.0
    },
    "2": {
      "precision": 0.0,
      "recall": 0.0,
      "f1-score": 0.0,
      "support": 0.0
    },
    "3": {
      "precision": 0.0,
      "recall": 0.0,
      "f1-score": 0.0,
      "support": 0.0
    },
    "accuracy": 0.8975,
    "macro avg": {
      "precision": 0.4558732332497868,
      "recall": 0.44875,
      "f1-score": 0.44968446187958383,
      "support": 400.0
    },
    "weighted avg": {
      "precision": 0.9117464664995737,
      "recall": 0.8975,
      "f1-score": 0.8993689237591675,
      "support": 400.0
    }
  },
  "metrics": {
    "shared_balanced_acc": 0.8975,
    "fault_recall": 0.825,
    "fault_precision": 0.9763313609467456,
    "private_pred_rate": 0.005
  }
}