{
  "acc": 0.2857142857142857,
  "cm": [
    [
      0,
      112
    ],
    [
      8,
      48
    ]
  ],
  "report": {
    "0": {
      "precision": 0.0,
      "recall": 0.0,
      "f1-score": 0.0,
      "support": 112.0
    },
    "1": {
      "precision": 0.3,
      "recall": 0.8571428571428571,
      "f1-score": 0.4444444444444444,
      "support": 56.0
    },
    "accuracy": 0.2857142857142857,
    "macro avg": {
      "precision": 0.15,
      "recall": 0.42857142857142855,
      "f1-score": 0.2222222222222222,
      "support": 168.0
    },
    "weighted avg": {
      "precision": 0.1,
      "recall": 0.2857142857142857,
      "f1-score": 0.14814814814814814,
      "support": 168.0
    }
  }
}