{
  "acc": 0.35714285714285715,
  "cm": [
    [
      60,
      0,
      52
    ],
    [
      34,
      0,
      22
    ],
    [
      0,
      0,
      0
    ]
  ],
  "report": {
    "0": {
      "precision": 0.6382978723404256,
      "recall": 0.5357142857142857,
      "f1-score": 0.5825242718446602,
      "support": 112.0
    },
    "1": {
      "precision": 0.0,
      "recall": 0.0,
      "f1-score": 0.0,
      "support": 56.0
    },
    "2": {
      "precision": 0.0,
      "recall": 0.0,
      "f1-score": 0.0,
      "support": 0.0
    },
    "accuracy": 0.35714285714285715,
    "macro avg": {
      "precision": 0.2127659574468085,
      "recall": 0.17857142857142858,
      "f1-score": 0.1941747572815534,
      "support": 168.0
    },
    "weighted avg": {
      "precision": 0.4255319148936171,
      "recall": 0.35714285714285715,
      "f1-score": 0.3883495145631068,
      "support": 168.0
    }
  }
}