{
  "acc": 0.5458333333333333,
  "f1": 0.2842897081360236,
  "cm": [
    [
      600,
      0,
      0,
      0
    ],
    [
      200,
      0,
      0,
      0
    ],
    [
      151,
      0,
      49,
      0
    ],
    [
      192,
      0,
      2,
      6
    ]
  ],
  "report": {
    "0": {
      "precision": 0.5249343832020997,
      "recall": 1.0,
      "f1-score": 0.6884681583476764,
      "support": 600.0
    },
    "1": {
      "precision": 0.0,
      "recall": 0.0,
      "f1-score": 0.0,
      "support": 200.0
    },
    "2": {
      "precision": 0.9607843137254902,
      "recall": 0.245,
      "f1-score": 0.3904382470119522,
      "support": 200.0
    },
    "3": {
      "precision": 1.0,
      "recall": 0.03,
      "f1-score": 0.05825242718446602,
      "support": 200.0
    },
    "accuracy": 0.5458333333333333,
    "macro avg": {
      "precision": 0.6214296742318974,
      "recall": 0.31875000000000003,
      "f1-score": 0.2842897081360236,
      "support": 1200.0
    },
    "weighted avg": {
      "precision": 0.5892645772219649,
      "recall": 0.5458333333333333,
      "f1-score": 0.4190158582065745,
      "support": 1200.0
    }
  },
  "metrics": {}
}