{
  "acc": 0.2544642857142857,
  "cm": [
    [
      112,
      0,
      0,
      0
    ],
    [
      112,
      0,
      0,
      0
    ],
    [
      110,
      0,
      2,
      0
    ],
    [
      112,
      0,
      0,
      0
    ]
  ],
  "report": {
    "0": {
      "precision": 0.25112107623318386,
      "recall": 1.0,
      "f1-score": 0.4014336917562724,
      "support": 112.0
    },
    "1": {
      "precision": 0.0,
      "recall": 0.0,
      "f1-score": 0.0,
      "support": 112.0
    },
    "2": {
      "precision": 1.0,
      "recall": 0.017857142857142856,
      "f1-score": 0.03508771929824561,
      "support": 112.0
    },
    "3": {
      "precision": 0.0,
      "recall": 0.0,
      "f1-score": 0.0,
      "support": 112.0
    },
    "accuracy": 0.2544642857142857,
    "macro avg": {
      "precision": 0.312780269058296,
      "recall": 0.2544642857142857,
      "f1-score": 0.1091303527636295,
      "support": 448.0
    },
    "weighted avg": {
      "precision": 0.312780269058296,
      "recall": 0.2544642857142857,
      "f1-score": 0.10913035276362949,
      "support": 448.0
    }
  }
}