{
  "acc": 0.6025,
  "f1": 0.42525343644595176,
  "cm": [
    [
      600,
      0,
      0,
      0
    ],
    [
      157,
      43,
      0,
      0
    ],
    [
      141,
      9,
      50,
      0
    ],
    [
      150,
      5,
      15,
      30
    ]
  ],
  "report": {
    "0": {
      "precision": 0.5725190839694656,
      "recall": 1.0,
      "f1-score": 0.7281553398058253,
      "support": 600.0
    },
    "1": {
      "precision": 0.7543859649122807,
      "recall": 0.215,
      "f1-score": 0.3346303501945525,
      "support": 200.0
    },
    "2": {
      "precision": 0.7692307692307693,
      "recall": 0.25,
      "f1-score": 0.37735849056603776,
      "support": 200.0
    },
    "3": {
      "precision": 1.0,
      "recall": 0.15,
      "f1-score": 0.2608695652173913,
      "support": 200.0
    },
    "accuracy": 0.6025,
    "macro avg": {
      "precision": 0.7740339545281288,
      "recall": 0.40375,
      "f1-score": 0.42525343644595176,
      "support": 1200.0
    },
    "weighted avg": {
      "precision": 0.7068623310085744,
      "recall": 0.6025,
      "f1-score": 0.5262207375659096,
      "support": 1200.0
    }
  },
  "metrics": {}
}