{
  "acc": 0.4263392857142857,
  "cm": [
    [
      112,
      0,
      0,
      0
    ],
    [
      83,
      29,
      0,
      0
    ],
    [
      68,
      16,
      28,
      0
    ],
    [
      56,
      29,
      5,
      22
    ]
  ],
  "report": {
    "0": {
      "precision": 0.3510971786833856,
      "recall": 1.0,
      "f1-score": 0.5197215777262181,
      "support": 112.0
    },
    "1": {
      "precision": 0.3918918918918919,
      "recall": 0.25892857142857145,
      "f1-score": 0.3118279569892473,
      "support": 112.0
    },
    "2": {
      "precision": 0.8484848484848485,
      "recall": 0.25,
      "f1-score": 0.38620689655172413,
      "support": 112.0
    },
    "3": {
      "precision": 1.0,
      "recall": 0.19642857142857142,
      "f1-score": 0.3283582089552239,
      "support": 112.0
    },
    "accuracy": 0.4263392857142857,
    "macro avg": {
      "precision": 0.6478684797650315,
      "recall": 0.4263392857142857,
      "f1-score": 0.3865286600556034,
      "support": 448.0
    },
    "weighted avg": {
      "precision": 0.6478684797650315,
      "recall": 0.4263392857142857,
      "f1-score": 0.3865286600556033,
      "support": 448.0
    }
  }
}