{
  "acc": 0.375,
  "f1": 0.31678486835883696,
  "cm": [
    [
      22,
      90,
      0,
      0
    ],
    [
      0,
      112,
      0,
      0
    ],
    [
      5,
      79,
      28,
      0
    ],
    [
      0,
      106,
      0,
      6
    ]
  ],
  "report": {
    "0": {
      "precision": 0.8148148148148148,
      "recall": 0.19642857142857142,
      "f1-score": 0.31654676258992803,
      "support": 112.0
    },
    "1": {
      "precision": 0.28940568475452194,
      "recall": 1.0,
      "f1-score": 0.44889779559118237,
      "support": 112.0
    },
    "2": {
      "precision": 1.0,
      "recall": 0.25,
      "f1-score": 0.4,
      "support": 112.0
    },
    "3": {
      "precision": 1.0,
      "recall": 0.05357142857142857,
      "f1-score": 0.1016949152542373,
      "support": 112.0
    },
    "accuracy": 0.375,
    "macro avg": {
      "precision": 0.7760551248923342,
      "recall": 0.375,
      "f1-score": 0.31678486835883696,
      "support": 448.0
    },
    "weighted avg": {
      "precision": 0.7760551248923342,
      "recall": 0.375,
      "f1-score": 0.31678486835883696,
      "support": 448.0
    }
  },
  "metrics": {}
}