{
  "acc": 0.3333333333333333,
  "f1": 0.125,
  "cm": [
    [
      0,
      112,
      0,
      0
    ],
    [
      0,
      56,
      0,
      0
    ],
    [
      0,
      0,
      0,
      0
    ],
    [
      0,
      0,
      0,
      0
    ]
  ],
  "report": {
    "0": {
      "precision": 0.0,
      "recall": 0.0,
      "f1-score": 0.0,
      "support": 112.0
    },
    "1": {
      "precision": 0.3333333333333333,
      "recall": 1.0,
      "f1-score": 0.5,
      "support": 56.0
    },
    "2": {
      "precision": 0.0,
      "recall": 0.0,
      "f1-score": 0.0,
      "support": 0.0
    },
    "3": {
      "precision": 0.0,
      "recall": 0.0,
      "f1-score": 0.0,
      "support": 0.0
    },
    "accuracy": 0.3333333333333333,
    "macro avg": {
      "precision": 0.08333333333333333,
      "recall": 0.25,
      "f1-score": 0.125,
      "support": 168.0
    },
    "weighted avg": {
      "precision": 0.11111111111111109,
      "recall": 0.3333333333333333,
      "f1-score": 0.16666666666666666,
      "support": 168.0
    }
  },
  "metrics": {
    "shared_balanced_acc": 0.5,
    "fault_recall": 1.0,
    "fault_precision": 0.3333333333333333,
    "private_pred_rate": 0.0
  }
}