{
  "acc": 0.9107142857142857,
  "cm": [
    [
      72,
      40
    ],
    [
      0,
      336
    ]
  ],
  "report": {
    "0": {
      "precision": 1.0,
      "recall": 0.6428571428571429,
      "f1-score": 0.782608695652174,
      "support": 112.0
    },
    "1": {
      "precision": 0.8936170212765957,
      "recall": 1.0,
      "f1-score": 0.9438202247191011,
      "support": 336.0
    },
    "accuracy": 0.9107142857142857,
    "macro avg": {
      "precision": 0.9468085106382979,
      "recall": 0.8214285714285714,
      "f1-score": 0.8632144601856375,
      "support": 448.0
    },
    "weighted avg": {
      "precision": 0.9202127659574468,
      "recall": 0.9107142857142857,
      "f1-score": 0.9035173424523694,
      "support": 448.0
    }
  }
}