{
  "acc": 0.5583333333333333,
  "f1": 0.3236699689663637,
  "cm": [
    [
      600,
      0,
      0,
      0
    ],
    [
      189,
      9,
      0,
      2
    ],
    [
      150,
      0,
      30,
      20
    ],
    [
      164,
      5,
      0,
      31
    ]
  ],
  "report": {
    "0": {
      "precision": 0.543970988213962,
      "recall": 1.0,
      "f1-score": 0.7046388725778039,
      "support": 600.0
    },
    "1": {
      "precision": 0.6428571428571429,
      "recall": 0.045,
      "f1-score": 0.08411214953271028,
      "support": 200.0
    },
    "2": {
      "precision": 1.0,
      "recall": 0.15,
      "f1-score": 0.2608695652173913,
      "support": 200.0
    },
    "3": {
      "precision": 0.5849056603773585,
      "recall": 0.155,
      "f1-score": 0.2450592885375494,
      "support": 200.0
    },
    "accuracy": 0.5583333333333333,
    "macro avg": {
      "precision": 0.6929334478621159,
      "recall": 0.33749999999999997,
      "f1-score": 0.3236699689663637,
      "support": 1200.0
    },
    "weighted avg": {
      "precision": 0.6432792946460646,
      "recall": 0.5583333333333333,
      "f1-score": 0.45065960350351036,
      "support": 1200.0
    }
  },
  "metrics": {}
}