{
  "acc": 0.795,
  "f1": 0.3973357371794872,
  "cm": [
    [
      167,
      33,
      0,
      0
    ],
    [
      49,
      151,
      0,
      0
    ],
    [
      0,
      0,
      0,
      0
    ],
    [
      0,
      0,
      0,
      0
    ]
  ],
  "report": {
    "0": {
      "precision": 0.7731481481481481,
      "recall": 0.835,
      "f1-score": 0.8028846153846154,
      "support": 200.0
    },
    "1": {
      "precision": 0.8206521739130435,
      "recall": 0.755,
      "f1-score": 0.7864583333333334,
      "support": 200.0
    },
    "2": {
      "precision": 0.0,
      "recall": 0.0,
      "f1-score": 0.0,
      "support": 0.0
    },
    "3": {
      "precision": 0.0,
      "recall": 0.0,
      "f1-score": 0.0,
      "support": 0.0
    },
    "accuracy": 0.795,
    "macro avg": {
      "precision": 0.3984500805152979,
      "recall": 0.39749999999999996,
      "f1-score": 0.3973357371794872,
      "support": 400.0
    },
    "weighted avg": {
      "precision": 0.7969001610305958,
      "recall": 0.795,
      "f1-score": 0.7946714743589745,
      "support": 400.0
    }
  },
  "metrics": {
    "shared_balanced_acc": 0.7949999999999999,
    "fault_recall": 0.755,
    "fault_precision": 0.8206521739130435,
    "private_pred_rate": 0.0
  }
}